Mass,RT
102.0679,1.08
113.9926,7.41
113.9926,8.83
113.9926,9.89
113.9926,10.65
113.9927,1.41
113.9927,4.49
113.9927,5.25
113.9927,5.81
113.9927,6.74
113.9927,8.18
116.0835,1.94
116.0836,2.53
117.9355,11.32
118.0029,3.84
119.0481,2.98
119.9996,1.59
120.0422,2.04
120.0938,3.42
122.0369,3.19
122.0371,2.16
122.073,2.95
128.0027,5.65
128.0834,10.57
128.1199,3.34
129.9997,5.65
130.0629,1.52
130.0992,3.56
131.9996,3.87
131.9997,2.35
133.0637,4.03
133.9891,1.49
134.1094,4.14
135.0543,1.07
135.9945,5.38
135.9946,3.79
135.9946,4.69
135.9949,7.4
138.0092,3.84
138.0314,5.94
140.0656,1.13
140.12,4.38
142.0239,11.1
142.024,4.82
142.0992,3.82
142.0993,6
142.1354,4.17
143.9995,3.35
144.0309,2.67
144.1146,5.56
144.1148,4.05
144.1148,4.72
144.5335,2.65
145.9719,1.38
146.12,4.72
149.9598,1.14
149.9984,3.3
150.0165,9.87
150.0165,10.85
150.0166,4.13
150.0679,2.28
150.1042,4.57
151.0089,4.72
151.0167,10.86
151.0168,9.91
151.0393,3.08
151.9556,1.15
152.0134,9.88
152.0135,10.87
152.0838,3.18
153.0048,4.72
154.1356,6.69
155.9996,3.88
156.1148,4.75
156.1151,1.06
156.6165,1.06
158.0577,2.3
158.094,3.12
158.1304,10.44
158.1305,5.65
158.9293,5.41
160.0221,1.47
160.1097,3.11
161.0236,1.57
161.9636,3.86
161.984,1.12
162.068,3.37
163.9607,3.86
163.9892,1.55
164.047,3.59
164.0835,3.55
164.0836,2.58
164.9562,2.96
164.9934,1.15
165.0789,1.36
165.4934,9.87
166.0265,2.21
166.0476,6.66
166.0478,9.9
166.0478,10.85
166.0479,4.13
166.0481,8.58
166.0627,3.49
166.063,2.72
166.0657,3.05
166.1356,3.42
167.0484,10.85
167.0485,4.14
167.0485,9.93
168.043,1.33
168.0448,10.87
168.0449,4.13
168.0449,10.01
168.0786,3.52
168.1147,2.83
168.1148,4.94
169.0455,9.92
169.0456,10.88
169.4289,3.09
169.9964,5.46
169.9964,6.14
169.9965,3.11
170.0412,10.88
170.0422,9.86
170.0941,3.53
170.0942,2.38
170.0942,4.8
170.1304,5.45
170.1304,5.9
170.1306,4.34
170.9999,3.13
171.0114,3
171.0352,3.85
171.5719,6.62
172.0194,2.1
172.0733,10.59
172.1096,10.09
172.1098,2.72
172.1098,3.39
172.1456,5.16
172.146,10.71
172.1461,6.54
173.0226,2.09
173.031,3.85
173.1051,1.14
173.1056,3.04
174.0163,2.07
174.0322,8.64
174.0525,2.47
174.1254,2.47
174.1254,3.66
175.1287,3.67
175.9899,4.15
175.9997,1.41
175.9997,2.07
176.0835,3.59
176.1049,2.51
176.156,8.1
177.003,1.65
177.1026,1.03
177.9958,1.55
178.0038,1.56
178.0212,3.88
178.0632,2.37
178.0991,4.36
178.0994,5.31
178.0996,2.64
178.11,3.52
178.6117,1.05
179.0743,4.06
179.1119,1.08
179.9727,3.3
179.9927,1.62
180.0634,10.89
180.0782,2.61
180.0789,3.88
180.1508,3.49
180.1514,4.15
181.0641,10.92
181.9966,3.76
181.9966,4.81
182.0213,4.4
182.0577,2.54
182.0603,10.89
182.094,3.91
182.1304,5.93
182.1307,3.64
183.0247,4.4
184.0119,2.86
184.0194,2.55
184.1072,4.79
184.1097,3.65
184.1097,4.38
184.1098,2.99
184.1461,6.36
184.1463,5.85
185.0506,4.99
185.0515,2.68
185.9912,6.47
185.9914,4.79
185.9914,5.47
186.0349,2.78
186.0365,4.89
186.0823,4.49
186.0892,1.08
186.0892,2.44
186.1254,3.43
186.1254,4.15
186.1618,7.39
187.0301,1.92
187.1106,10.8
187.1203,10.29
187.1204,9.28
187.1208,1.27
187.1222,5.47
187.1652,7.39
187.9734,1.93
188.0148,2.93
188.017,1.12
188.031,2.78
188.1045,2.65
188.1048,1.47
188.1053,10.07
188.1236,10.29
188.141,3.41
188.141,4.25
189.979,1.07
190.0152,1.09
190.0449,2.99
190.0992,4.43
190.0998,5.86
190.9857,1.14
191.0993,1.11
191.1,3.49
192.0786,3.19
192.081,3.4
192.081,5.14
192.0817,4.1
192.1148,5.16
192.1152,3.45
193.0736,5.14
193.0895,4.89
193.4478,4.66
193.9965,4.26
194.058,3.2
194.0581,2.15
194.0779,4.1
194.094,2.68
194.0966,5.61
194.0968,3.95
194.0968,10.52
194.0972,4.65
194.1303,3.48
194.1306,5.81
194.9834,5.61
195.0657,3.36
195.0896,1.25
195.0896,3.54
195.0977,4.62
195.1006,4.61
195.162,5.71
195.9959,2.35
195.9961,4.48
196.0373,2.23
196.0585,9.36
196.0736,2.48
196.0737,2.99
196.0738,3.85
196.0915,2.56
196.0933,10.52
196.0935,4.47
196.094,3.88
196.1097,2.86
196.1461,5.56
196.1461,6.07
196.1461,6.7
196.9198,4.08
197.0528,3.53
197.1113,2.4
197.1414,4.79
197.9906,5.37
197.9914,3.86
197.9915,2.77
198.0349,3.51
198.0479,2.72
198.0556,5.34
198.0679,3.43
198.0683,2.56
198.0891,1.12
198.0893,2.53
198.0921,4.66
198.1253,6.68
198.1254,3.52
198.1617,4.89
198.1617,7.27
198.1618,5.84
198.9168,4.08
199.0665,5.88
199.0732,2.68
199.0776,4.57
199.0964,2.37
199.0966,1.13
199.1208,2.82
199.121,3.47
199.1648,6.93
199.5041,8.29
199.5071,8.28
199.9571,2.72
200.031,3.52
200.0446,2.73
200.0505,3.74
200.0509,4.72
200.0527,5.34
200.0837,3.84
200.0979,5.14
200.1047,2.73
200.1273,8.31
200.141,3.75
200.141,3.94
200.1412,8.28
200.1773,8.23
200.1773,10.64
200.7389,8.37
200.781,8.44
201.0625,5.87
201.0945,1.11
201.1081,2.77
201.1082,1.14
201.1333,8.35
201.1365,2.19
201.1618,8.3
201.1807,7.85
201.1808,8.28
201.6093,1.02
201.9862,5.11
202.0326,2.25
202.0327,1.53
202.0463,3.74
202.0468,2.56
202.1008,3.15
202.1203,2.74
202.1203,3.33
202.135,2.92
202.1566,5.02
202.1567,4.07
202.1834,8.27
202.9979,4.85
203.0344,1.52
203.0344,2.11
203.16,5.06
203.1839,8.28
203.1861,8.28
203.9946,1.16
204.0304,1.74
204.0304,2.23
204.0304,11.98
204.0789,2.51
204.0898,2.16
204.1147,4.75
204.1148,3.35
204.1358,4.77
204.136,3.55
204.1874,7.92
204.9739,3.63
204.998,1.14
205.9803,3.33
205.9963,4.86
205.9984,1.15
206.0361,2.37
206.0589,2.18
206.0943,2.54
206.0944,3.44
206.1304,3.88
206.1304,6.12
206.1305,5.35
207.0113,1.07
207.0943,1.15
207.1127,1.12
207.1127,3.71
207.1258,5.12
207.9772,3.34
207.9879,1.15
207.9954,3.12
208.0193,3.31
208.0762,2.96
208.0764,3.86
208.0765,2.36
208.1096,3.04
208.11,5.05
208.1103,4.57
208.1823,5.37
209.1133,5.15
209.1172,4.52
209.1177,5.3
209.6196,5.31
209.9834,10.51
210.0152,3.3
210.0524,1.28
210.0729,2.34
210.0734,3.37
210.0741,5.18
210.0909,2.5
210.0919,2.95
210.0921,3.92
210.0923,5.13
210.102,3.55
210.1254,3.29
210.1617,4.83
210.1617,7.22
210.1618,7.88
211.079,2.49
211.1289,4.05
212.0505,4.05
212.0633,3.7
212.0834,3.09
212.088,3.92
212.0883,3.04
212.1046,2.75
212.1046,2.95
212.1396,6.6
212.141,3.96
212.141,4.51
212.141,7.61
212.1767,5.13
212.1773,8
212.9715,3.08
213.0458,3.61
213.0529,4.05
213.0821,6.87
213.1096,3.06
213.1365,2.82
213.144,3.83
213.986,5.04
213.9864,3.11
214.0027,4.29
214.0192,3.7
214.0299,2.45
214.0394,4.1
214.0478,3.91
214.0629,10.56
214.0631,3.28
214.0661,4.26
214.0665,2.9
214.0839,1.17
214.0841,2.4
214.0992,4.14
214.1203,3.06
214.1204,1.11
214.1204,4.47
214.1567,4.43
214.1567,5.2
214.193,8.38
214.193,9.02
214.9709,2.79
214.9897,3.11
215.0692,4.26
215.142,6.98
215.1513,10.97
215.1516,10.19
215.152,3.04
215.1599,5.28
215.1964,9.04
215.9909,3.11
216.0366,4.1
216.078,3.14
216.0818,4.03
216.0909,4.32
216.0995,2.51
216.1076,3.5
216.1175,3.93
216.1359,3.75
216.136,1.21
216.136,3.37
216.1553,10.14
216.1722,5.49
216.1723,4.78
216.967,2.79
217.1155,3.57
217.1755,5.77
217.9968,5.57
218.0102,2.03
218.0585,2.89
218.0855,2.22
218.0967,3.85
218.1154,3.33
218.1302,6.93
218.1512,3.55
218.1881,8.32
219.0136,2.38
219.0137,1.89
219.9692,3.93
219.9932,4.33
219.9932,5.53
219.9932,6.22
220.0135,1.63
220.0135,2.09
220.0213,3.53
220.0745,2.76
220.1098,3.78
220.1099,3.34
220.1311,2.99
220.1459,6.63
220.146,4.75
220.146,6.05
220.1824,10.3
220.9913,3.23
220.9926,4.3
221.0085,3.12
221.103,1.19
221.9664,3.86
222.0033,1.88
222.0108,3.72
222.0152,3.08
222.0374,3.34
222.0556,10.87
222.0888,1.13
222.0891,3.58
222.0892,2.3
222.1255,3.33
222.1278,4.61
222.1286,5.98
222.1617,7.15
222.1617,8.95
222.1977,5.81
222.9882,3.23
223.0302,2.75
223.084,1.2
223.165,7.22
224.0274,2.68
224.0347,5.9
224.035,4.75
224.035,8.52
224.035,9.1
224.0351,2.86
224.0352,10.7
224.0353,6.81
224.0537,3.16
224.0686,2.79
224.1047,2.87
224.1181,3.84
224.141,3.3
224.141,3.87
224.141,6.91
224.1411,7.86
224.1772,5.15
224.1773,8.04
224.8051,11.09
224.9632,4.17
224.9843,3.23
225.027,2.74
225.0357,6.07
225.0357,10.71
225.0358,4.8
225.0358,9.03
225.0358,10.76
225.0359,6.81
225.1365,4.29
225.9931,1.2
226.0001,1.51
226.006,3.41
226.0145,7.15
226.0146,10.51
226.0279,2.74
226.0321,2.8
226.0324,4.77
226.0326,9.47
226.0326,10.71
226.0327,10.04
226.0328,6.82
226.0329,5.87
226.0494,3.24
226.0689,4.12
226.0789,4.46
226.0842,2.49
226.0843,1.15
226.0987,2.75
226.1025,2.89
226.1183,4.68
226.1203,3.16
226.1566,4.76
226.1567,4.49
226.1682,2.48
226.1928,5.8
226.1929,8.88
226.1929,9.99
226.8025,11.1
227.0034,6.83
227.0151,10.51
227.0333,6.81
227.0333,10.73
227.0702,4.13
227.0942,5.52
227.1217,2.55
227.1518,9.72
227.152,3.64
227.4432,9.83
228.002,3.42
228.0121,10.52
228.0455,3.32
228.0584,5.43
228.0585,4.5
228.0667,4.14
228.0757,4.32
228.0816,4.81
228.0995,10.58
228.0997,1.14
228.0997,2.65
228.1147,6.53
228.1358,4.26
228.1359,3.51
228.1722,5.54
228.1723,4.9
228.2085,9.83
228.2086,10.52
228.9749,3.12
229.1181,6.53
229.1315,2.33
229.1393,3.65
229.1674,5.39
229.1676,3.7
229.212,9.84
229.212,10.59
229.9568,3.43
229.9812,3.64
230.0553,5.41
230.0555,4.51
230.0609,3.08
230.0781,4.78
230.0791,1.15
230.0954,3.44
230.1152,1.14
230.1152,2.82
230.1514,3.53
230.1515,2.92
230.1515,4.16
230.1516,4.75
230.1628,2.16
230.1705,3.7
230.1873,5.42
230.2031,8.09
231.147,3.48
231.9627,3.67
231.9933,4.74
231.9934,5.49
232.0524,4.52
232.0751,2.78
232.0844,4.45
232.0852,2.36
232.0946,3.56
232.1101,3.26
232.1307,2.77
232.1307,3.57
232.1312,4.11
232.1668,6.57
232.1669,2.91
232.1672,3.77
232.1672,4.36
233.9488,1.07
233.9588,3.64
233.9911,5.13
234.0551,2.28
234.0889,1.2
234.0901,4.65
234.0903,3.3
234.0905,2.76
234.1254,3.34
234.1254,3.86
234.1257,4.65
234.1465,3.42
234.1616,4.94
234.1616,5.64
234.1616,9.27
234.162,7.97
235.0068,3.99
235.0848,2.66
235.165,9.27
235.9461,1.08
235.9874,4.49
235.988,5.54
235.9881,6.53
236.0504,4.35
236.1052,2.85
236.1058,3.39
236.1221,3.29
236.1284,6.67
236.141,3.83
236.141,4.58
236.1414,8.93
236.1429,5.18
236.1442,6.45
236.1765,8.71
236.1769,5.55
237.0036,3.98
237.0456,3.46
237.064,2.3
237.0999,2.35
237.1007,3.38
237.1032,4.55
237.9702,3.76
237.9862,4.59
238.0026,5.58
238.0471,4.29
238.084,5.99
238.0844,2.72
238.0846,1.17
238.1062,4.55
238.1202,4.48
238.1204,3.04
238.1337,4.08
238.1563,5.33
238.1565,4
238.1565,4.64
238.1572,6.82
238.1926,5.62
238.193,8.62
239.006,5.59
239.0225,4.85
239.0998,4.56
239.1597,3.79
240.0018,3.99
240.006,3.39
240.0304,8.54
240.0456,3.08
240.0663,3.21
240.0663,8.75
240.0665,10.68
240.0667,6.81
240.0667,7.7
240.0837,10.89
240.0848,5.26
240.0946,5.03
240.0994,3.25
240.0996,1.16
240.0996,2.57
240.1359,3.57
240.1359,5.95
240.136,5.31
240.1361,6.61
240.1698,8.3
240.1721,4.87
240.1722,5.94
240.2085,9.52
240.2087,5.99
240.9748,3.86
241.0187,4.85
241.0672,9.13
241.0672,10.71
241.0674,6.81
241.0674,7.7
241.0679,3.13
241.1045,1.16
241.1392,5.95
241.9716,1.83
241.9809,3.88
242.0175,3.86
242.0178,3.2
242.0186,4.8
242.0457,4.67
242.0458,9.61
242.0467,10.78
242.0614,4.25
242.0635,8.77
242.0636,3.15
242.064,10.77
242.0642,10.66
242.0643,6.81
242.0644,7.68
242.0792,1.18
242.0795,5.94
242.08,4.38
242.0813,10.82
242.0816,3.32
242.0862,1.23
242.0906,1.22
242.0919,5.1
242.0972,5.38
242.1152,2.54
242.1153,2.75
242.1153,4.46
242.1515,3.77
242.1515,4.54
242.1879,5.81
242.1879,6.51
242.2242,10.53
243.0463,5.09
243.0463,9.61
243.0649,10.71
243.0651,2.76
243.0652,6.81
243.1163,1.54
243.1182,2.71
243.1833,4.3
243.9624,3.8
243.9933,5.14
243.9966,2.56
244.0403,3.27
244.0432,5.12
244.0616,10.71
244.0623,6.8
244.0731,4.51
244.0733,3.88
244.0737,2.54
244.0763,3.54
244.0944,1.17
244.0944,2.53
244.1106,4
244.1308,1.14
244.1308,2.69
244.1309,3.23
244.1671,3.79
244.1671,4.05
244.1784,2.68
244.1867,4.3
244.2035,6.15
244.2036,7.12
245.1632,4.01
245.1708,3.86
245.9926,3.94
246.0547,3.17
246.09,2.81
246.0906,3.06
246.1002,2.5
246.1253,3.5
246.1256,4.09
246.1464,3.33
246.1466,5.09
246.183,4.33
246.1832,5.46
247.1154,2.72
247.121,4.46
247.1319,6.89
247.9331,4.11
247.9577,3.73
247.9882,4.84
247.9888,3.99
248.0695,3.55
248.0895,2.47
248.1051,3.54
248.1052,2.69
248.123,2.81
248.141,3.9
248.1411,4.63
248.1412,5.23
248.1618,3.8
248.1771,5.38
248.1773,9.3
248.1774,7.89
248.9692,4.83
248.9714,5.58
249.0871,10.57
249.0873,6.13
249.0877,3.72
249.1071,2.76
249.1311,3.34
249.1807,7.89
249.1808,9.3
249.5889,6.13
249.9532,4.23
249.9674,10.61
249.9677,1.47
250.0298,4.39
250.0666,4.71
250.0843,1.11
250.0856,2.97
250.0861,10.55
250.0868,6.14
250.1205,3.03
250.1205,3.58
250.1205,4.18
250.1232,5.11
250.1564,5.01
250.1566,4.49
250.1569,6
250.1928,8.6
250.193,9.88
250.5879,6.13
250.9653,4.83
251.088,1.16
251.1109,2.96
251.1157,2.75
251.1225,3.28
251.1264,5.04
251.1518,9.68
251.1597,6.02
251.9494,4.23
251.9831,6.07
252.0637,1.17
252.0665,9.36
252.0665,10.78
252.0666,6.1
252.0666,10.05
252.0667,7.35
252.083,3.54
252.0997,1.13
252.0998,2.63
252.0998,3.31
252.1024,5.25
252.1206,5.05
252.1358,4.86
252.1359,3.3
252.1359,4.13
252.1719,9.94
252.1721,5.54
252.2085,9.34
253.0538,3.68
253.0672,7.37
253.0674,6.11
253.0674,10.78
253.1392,3.31
253.1678,4.45
253.2119,9.34
254.0613,3.71
254.064,6.08
254.0643,10.53
254.0643,10.82
254.0645,7.39
254.079,2.65
254.0793,1.17
254.0821,10.97
254.1037,2.5
254.1108,5.45
254.1151,2.8
254.1492,6.57
254.1512,10.57
254.1514,3.76
254.1515,4.52
254.1872,5.34
254.1882,6.4
254.2242,10.26
255.0826,10.94
255.1132,2.61
255.1135,3.2
255.118,2.47
255.1416,3.37
255.1539,3.41
255.6145,2.23
255.9537,4.2
255.9932,5.53
256.0333,3.79
256.0405,1.14
256.073,7.14
256.0747,2.67
256.0751,3.22
256.0764,4.75
256.0797,10.94
256.0943,1.15
256.0947,2.59
256.0951,6.3
256.1129,5.8
256.1191,3.16
256.1191,3.77
256.1203,2.49
256.1308,2.75
256.1309,3.46
256.131,4.33
256.167,4.58
256.167,5.11
256.2035,6.38
256.2036,5.71
256.2398,10.73
256.24,5.22
256.24,6.75
256.6222,2.43
256.9521,4.21
257.0726,3.19
257.1289,2.61
257.1342,3.45
257.1624,4.83
257.1706,4.32
257.2367,10.15
257.2432,10.71
257.2434,6.7
257.6301,2.61
257.9929,4.34
257.9981,3.85
258.0028,1.75
258.0087,5.58
258.0111,2.51
258.0529,3.44
258.0559,1.17
258.0563,2.22
258.0735,1.14
258.0741,2.65
258.0893,4.34
258.0916,2.74
258.0946,3.22
258.11,2.58
258.1102,1.11
258.1463,3.37
258.1612,7.46
258.1824,5.05
258.1825,5.76
258.1826,4.54
258.1832,6.71
258.219,7.38
258.2346,9.74
258.2462,6.75
258.2464,10.77
259.0925,4.33
259.1206,3.4
259.1422,2.49
259.178,2.63
259.9882,5.56
260.0081,3.82
260.0698,2.68
260.0871,4.4
260.1058,3.48
260.1079,5.79
260.1246,3.18
260.1258,1.13
260.141,4.36
260.1619,3.75
260.1983,5.32
260.1984,4.53
260.1985,8.27
261.1055,2.74
261.1111,5.78
261.1364,3.3
261.2019,8.27
261.9317,1.1
261.9534,1.07
261.9534,4.67
261.954,4.03
262.0198,4.49
262.0767,3.99
262.0851,2.76
262.1024,2.67
262.1202,1.16
262.1207,3.48
262.1316,4.6
262.1405,3.53
262.1415,2.47
262.1419,4.62
262.1566,4.7
262.1776,4.14
262.9613,4.22
262.9684,4.23
263.1105,1.48
263.1109,3.09
263.111,2.52
263.612,2.47
263.6121,3.12
263.9256,3.55
263.9475,1.07
263.9831,4.33
263.9993,5.09
264.0172,4.46
264.0643,1.89
264.0644,1.15
264.0819,5.44
264.1,2.11
264.1003,2.72
264.1005,3.18
264.1178,2.3
264.118,3.42
264.1358,3.03
264.1363,4.32
264.1375,4.99
264.1469,2.57
264.1564,2.46
264.1575,3.49
264.1721,5.29
264.1723,5.99
264.2085,9.21
264.6196,3.35
264.6198,2.04
264.9638,5.42
264.9866,4.33
265.0847,5.42
265.0952,3.29
265.1274,2.37
265.1393,3.12
265.2582,7.46
265.6279,2.24
265.9226,3.55
265.9481,4.56
265.9718,4.67
266.0604,3.42
266.0795,1.13
266.1153,2.79
266.1157,4.26
266.1516,2.68
266.1516,3.44
266.1518,4.28
266.1544,10.56
266.1549,7.5
266.1643,5.21
266.1874,5.28
266.1878,5.84
266.224,10.03
267.1186,2.21
267.1545,3.42
267.1549,2.59
267.1582,7.51
267.9198,3.55
267.9636,4.34
267.9968,3.81
268.0767,3.89
268.0799,1.1
268.086,3.64
268.0946,1.1
268.0947,2.46
268.0947,2.61
268.113,5.51
268.1305,4.44
268.1307,1.13
268.1308,2.99
268.1309,2.45
268.1514,10.55
268.1519,7.51
268.1671,3.99
268.1671,5.2
268.2016,9.85
268.2033,6.55
268.2036,7.21
268.2398,10.92
269.1346,3.41
269.2432,10.92
269.9511,4.59
269.9899,5.19
269.9901,5.97
269.9901,6.88
270.0482,3.97
270.0562,1.16
270.074,1.14
270.077,10.2
270.0771,10.88
270.0772,2.35
270.0772,6.1
270.0895,2.76
270.0918,3.58
270.0936,5.52
270.0944,4.73
270.1025,4.02
270.1101,1.1
270.1102,2.58
270.1283,6.32
270.1462,3.64
270.1826,10.59
270.1828,4.78
270.1828,5.39
270.2191,7.1
270.2191,8.34
270.2192,7.87
270.2555,9.63
270.2555,10.2
270.9934,5.2
271.0776,10.87
271.0778,6.09
271.0778,10.2
271.1086,2.43
271.1091,1.1
271.1257,3.26
271.1495,3.46
271.1841,4.95
271.1861,5.6
271.2589,10.2
271.9566,4.65
271.9872,5.35
272.0683,5.6
272.0695,3.6
272.0708,4.12
272.0715,2.44
272.0717,1.16
272.0746,10.21
272.0748,6.07
272.0893,1.12
272.0897,2.5
272.0997,4.03
272.105,4.44
272.1056,1.16
272.1068,3.1
272.1151,2.37
272.1257,2.62
272.1258,1.12
272.1618,3.7
272.1887,5.63
272.1978,5.12
272.2346,7.5
272.2347,10.85
272.2348,8.21
272.9554,4.59
272.9895,3.67
273.1003,2.58
273.1079,4.44
273.1117,2.34
273.1235,2.44
273.1423,3.56
273.1937,5.73
273.9701,4.97
273.988,4.66
274.0236,4.1
274.0694,5.34
274.0851,3.07
274.0855,2.49
274.105,1.11
274.1088,2.48
274.121,3.64
274.1407,3.32
274.1566,4.51
274.1566,5.09
274.1678,7.02
274.1682,8.11
274.1772,4.34
274.1774,3.3
274.1778,7.01
274.1924,10.58
274.1928,8.09
274.1935,5.56
274.9686,4.84
275.1159,2.8
275.947,1.59
275.9821,6.08
275.9831,4.71
275.9869,3.15
275.9891,2.53
275.9996,5.3
276.0031,4.65
276.0479,3.96
276.0659,1.16
276.1006,3.01
276.1006,4.55
276.1071,2.39
276.1197,2.6
276.136,3.47
276.1363,4.29
276.1566,3.62
276.1571,5.34
276.172,5.31
276.1721,4.63
276.1748,7.01
276.1932,4.81
276.2085,9.18
276.2086,5.26
276.9641,4.82
277,4.8
277.0006,7.76
277.1314,2.7
277.1472,8.51
277.1679,4.57
277.2118,9.18
277.9481,4.65
277.9482,2.79
277.9486,3.85
277.9626,1.13
277.9851,2.52
277.9989,4.52
278.08,1.1
278.08,2.68
278.1154,1.16
278.1154,2.73
278.136,2.54
278.1514,4.68
278.1515,5.69
278.1516,3.61
278.1516,6.59
278.1714,3.63
278.1881,5.63
278.1881,6.69
278.1893,10.56
278.1895,3.99
278.1904,4.66
278.1908,7.19
278.2239,10.44
278.2241,9.86
278.9963,7.76
279.1188,1.31
279.122,2.98
279.147,2.98
279.1529,3.53
279.1923,6.83
279.2275,9.85
279.2558,10.6
279.2957,10.59
279.2987,10.57
279.9295,5.71
279.9535,4.57
279.9641,3.11
279.9693,4.84
279.978,4.63
280.0591,1.11
280.0948,1.1
280.0951,2.53
280.1132,2.7
280.1308,1.15
280.1308,8.06
280.1309,2.67
280.1309,3.25
280.1309,4.53
280.1326,5.07
280.1336,6.12
280.1456,6.86
280.1505,3.35
280.1671,4.59
280.1671,4.95
280.1704,8.02
280.1883,7.22
280.1885,10.57
280.2026,6.38
280.2026,10.5
280.2398,10.62
280.2575,10.6
280.9249,6.02
280.952,4.76
280.9528,3.94
280.9744,5.24
280.9814,4.63
281.0923,1.12
281.1269,2.5
281.1331,2.61
281.1341,3.38
281.1349,8.06
281.1984,6.84
281.2716,8.5
281.4534,4.75
281.9378,8.84
281.9506,4.74
281.9536,4.56
281.9594,4.52
281.9901,2.55
281.9901,4.55
281.9901,5.45
282.0335,4.05
282.0747,1.11
282.0769,10.99
282.1101,1.11
282.1101,2.69
282.1108,4.19
282.1275,2.46
282.1282,5.67
282.1421,6.04
282.1463,2.65
282.1464,3.36
282.1481,4.98
282.1804,8.26
282.1823,10.56
282.1828,5.63
282.2506,10.65
282.2551,10.59
282.2556,8.98
282.2556,9.22
282.4519,4.75
282.9499,4.76
283.077,7.79
283.0914,1.07
283.1112,2.45
283.1132,3.08
283.1497,4.07
283.1731,4.73
283.1862,5.78
283.1905,1.04
283.2587,10.61
283.259,9
283.6747,4.76
283.9553,4.59
283.9892,6.63
284.0504,3.79
284.0509,3.23
284.0723,2.51
284.0758,7.79
284.0815,3.46
284.0895,2.56
284.0896,1.09
284.1054,3.92
284.1105,4.57
284.1258,2.67
284.1259,1.11
284.1263,3.45
284.1443,6.85
284.1598,8.26
284.162,4
284.1984,5.93
284.1984,10.56
284.1985,5.67
284.2353,8.19
284.271,8.95
284.2711,9.91
284.2711,10.68
285.0093,4.16
285.0889,1.14
285.1287,1.11
285.1599,4.25
285.1652,3.86
285.2018,5.98
285.2745,10.7
285.2746,9
285.9853,5.45
285.9853,6.22
286.0465,3.78
286.0685,1.11
286.0799,3.49
286.0843,5.27
286.0864,4.02
286.0875,2.62
286.097,3.6
286.1051,1.08
286.1051,2.62
286.121,4.38
286.1215,3.62
286.1412,1.12
286.1412,2.88
286.1774,4.45
286.1775,4.18
286.189,2.46
286.205,5.96
286.2082,6.05
286.2132,6.18
286.2134,5.64
286.2138,5.06
286.2143,7.93
286.2501,9.51
286.2503,8.02
286.2504,8.76
286.2776,10.73
286.9519,5.02
286.9885,5.46
287.0061,4.16
287.0811,2.4
287.1208,2.42
287.1438,2.43
287.1442,3.43
287.1752,3.63
287.2087,3.76
287.2096,6.02
287.2163,6.24
287.2455,10.07
287.9674,4.75
287.9763,1.1
287.9832,5.54
287.9917,5.45
288.0402,3.8
288.064,1.14
288.064,2.57
288.0841,1.1
288.095,3.59
288.1009,3.61
288.101,2.95
288.1087,3.05
288.1206,1.1
288.1211,2.45
288.1359,6.54
288.1361,2.42
288.1365,3.72
288.1367,5.16
288.1567,4.2
288.1568,3.43
288.1724,5.88
288.173,4.01
288.1925,4.98
288.2085,10.61
288.2127,6.77
288.2296,4.89
288.2298,5.82
288.2298,6.67
288.2298,7.49
288.2298,9.84
288.9377,4.71
288.949,5.05
288.9986,4.33
289.1392,6.53
289.1422,2.38
289.1424,3.58
289.2113,9.14
289.2313,9.84
289.4552,5.45
289.9362,4.77
289.9749,5.56
289.9844,4
289.9985,4.8
290.0456,4.96
290.0806,1.11
290.0818,3.57
290.1159,3.12
290.1512,3.74
290.172,3.91
290.1724,4.93
290.1878,5.87
290.188,6.89
290.2009,10.35
290.2249,9.84
290.4535,5.46
290.9704,5.15
291.0317,4.11
291.1699,3.75
291.2197,8.37
291.6722,3.85
291.9422,1.03
291.978,4.84
291.9784,1.47
292.0143,4.52
292.0793,3.56
292.0952,1.1
292.0956,2.68
292.1309,3.24
292.1672,3.98
292.168,5.39
292.1686,5.93
292.1872,4.2
292.188,3.46
292.2035,10.1
292.2036,6.51
292.2063,7.59
292.2065,4.64
292.2389,10.88
292.9816,1.48
293.1014,2.85
293.1309,3.29
293.1635,4.38
293.1705,4.04
293.1996,6.62
293.2069,10.09
293.235,8.61
293.9591,4.7
293.9671,4.57
293.9749,1.52
293.9785,2.08
293.9795,3.63
293.9884,3.93
293.9901,5.75
293.9937,4.13
294.1104,1.1
294.1104,2.74
294.1261,2.75
294.1463,3.99
294.1464,3.45
294.1465,2.91
294.1669,2.55
294.183,5.44
294.1833,10.56
294.1852,6.36
294.1862,8.5
294.2042,7.71
294.2185,7.98
294.219,7.15
294.2192,9.78
294.9492,4.7
295.0723,4.64
295.1422,2.56
295.1861,10.56
295.1863,5.44
295.1894,8.5
295.2197,5.22
295.9236,2.68
295.9729,5.09
295.9892,4.92
295.9892,6.62
295.9895,3.12
296.0172,5.07
296.0896,2.58
296.0898,1.09
296.1259,1.1
296.1259,2.82
296.1259,3.36
296.144,6.74
296.1619,2.71
296.1621,3.34
296.1621,3.81
296.1654,8.3
296.1834,8.5
296.1979,5.65
296.1984,6.25
296.2347,7.66
296.2347,8.62
296.2351,5.64
296.2711,10.89
296.9563,5.05
296.9712,5.15
297.0925,8.34
297.1265,2.44
297.1286,1.1
297.1293,3.37
297.1646,3.55
297.2016,9.2
297.2663,8.73
297.2664,9.78
297.9296,4.84
297.9544,5.32
297.9849,5.7
297.985,6.95
297.9852,4.44
298.054,8.63
298.054,10.78
298.0542,6.6
298.0544,8.12
298.0698,1.09
298.0856,3.53
298.0875,2.69
298.0914,8.34
298.096,3.07
298.1048,2.52
298.1051,1.08
298.1086,9.65
298.1213,3.38
298.1217,4.28
298.1413,2.67
298.1414,3.27
298.1415,3.73
298.159,4.93
298.1598,3.5
298.16,7.54
298.16,10.55
298.1776,4.45
298.1776,5.22
298.2136,5.18
298.2138,6.37
298.2502,10.58
298.2504,8.07
298.2504,8.63
298.2504,9.19
298.2852,10.82
298.9659,6.1
298.9673,4.89
299.0545,10.79
299.0546,8.64
299.0548,6.61
299.0901,2.65
299.1054,1.1
299.1442,3.5
299.1633,7.55
299.1811,4.11
299.2502,8.56
299.2534,10.56
299.2539,8.06
299.9269,4.84
299.95,5.26
299.9671,5.71
299.9821,5.58
300.0028,5.26
300.0134,1.61
300.022,3.99
300.0333,10.19
300.0334,8.02
300.0334,10.92
300.0335,8.71
300.0514,8.13
300.0514,8.64
300.0514,10.77
300.0519,6.59
300.0638,3.34
300.064,2.33
300.0674,1.15
300.0846,1.08
300.0878,6.82
300.0878,7.64
300.0965,2.97
300.1026,3.18
300.1058,5.16
300.1131,2.57
300.1201,2.44
300.1206,1.08
300.1209,3.64
300.1365,3.83
300.1372,4.6
300.1405,3.6
300.1566,1.16
300.1569,4.38
300.1571,3.24
300.1574,10.54
300.1577,7.54
300.1931,4.96
300.1932,4.38
300.2086,9.42
300.2296,10.25
300.2297,8.64
300.2659,10.69
300.2661,8.68
300.9623,6.09
301.031,4.21
301.0335,10.93
301.0339,8.03
301.0341,8.71
301.0514,6.6
301.0822,1.1
301.0889,7.64
301.097,2.57
301.1372,3.48
301.16,3.32
301.1964,4.42
301.2029,6.09
301.212,9.42
301.9466,5.26
301.997,5.31
302.014,2.64
302.0188,4.05
302.0267,2
302.031,8.02
302.0311,8.7
302.0313,10.93
302.0409,4.1
302.0512,10.9
302.0799,1.12
302.0803,2.76
302.0842,1.13
302.0859,7.64
302.0994,1.09
302.1105,2.56
302.1115,1.17
302.1162,4.24
302.1163,3.33
302.136,1.09
302.1367,3.16
302.1518,3.7
302.1519,4.7
302.1724,3.57
302.1726,4.34
302.2088,3.87
302.219,4.54
302.2231,5.32
302.2238,9.75
302.224,10.46
302.2451,7.53
302.2453,10.51
302.9602,5.27
302.97,5.43
302.9913,5.4
302.9914,6.17
302.9915,7.73
303.0862,7.65
303.9476,5.35
304.0135,4.45
304.0371,4.06
304.0766,4.74
304.077,3.72
304.0813,1.1
304.0948,1.1
304.0962,2.67
304.1146,1.1
304.1313,3.45
304.1315,4.04
304.167,3.74
304.167,4.09
304.1875,3.77
304.189,4.32
304.2031,5.81
304.2247,3.68
304.2395,10.44
305.1308,2.9
305.1918,3.79
305.9506,5.2
305.9577,1.09
306.0151,4.08
306.0301,4.47
306.0754,1.08
306.0762,2.54
306.1108,1.11
306.1109,2.76
306.111,3.29
306.1463,2.84
306.1464,3.48
306.1467,4.13
306.1673,4.1
306.1678,2.89
306.1827,4.12
306.1827,4.82
306.1829,5.75
306.185,6.44
306.1859,10.8
306.186,7.63
306.2042,10.69
306.2216,10.52
306.2221,8.04
306.2553,10.9
306.4517,5.21
306.9487,5.21
306.9747,4.13
307.115,2.81
307.1416,10.81
307.146,2.87
307.149,3.59
307.4824,5.78
307.9856,5.44
307.9894,5.29
307.995,3.91
308.0098,4.17
308.068,6.26
308.0903,1.08
308.0905,2.52
308.1257,1.1
308.1258,2.72
308.1259,3.27
308.1259,4.07
308.1624,3.79
308.1624,4.03
308.183,3.91
308.1985,9.31
308.199,5.82
308.2009,6.63
308.2018,10.67
308.2204,8.13
308.2344,10.36
308.9714,4.12
309.0936,2.47
309.1207,2.72
309.1236,1.11
309.1239,2.52
309.1617,5.5
309.2018,9.3
309.2294,6.68
309.23,8.23
309.9845,5.4
309.99,4.26
310.005,4.87
310.0697,1.08
310.0846,2.72
310.1051,1.08
310.1055,2.49
310.107,3.12
310.1078,3.76
310.1412,1.11
310.1412,3.27
310.1414,2.76
310.1416,4.24
310.1597,7.33
310.163,5.6
310.1777,4.19
310.1777,4.74
310.1777,5.42
310.1779,10.64
310.181,8.06
310.191,6.6
310.1982,3.91
310.2116,9.83
310.2125,10.6
310.2126,5.11
310.2136,3.66
310.2137,6.08
310.2139,6.62
310.2333,8.32
310.2865,10.16
310.2869,10.88
310.4605,5.91
310.952,4.53
310.9682,5.43
311.1035,1.11
311.1114,3.23
311.1405,1.15
311.1439,3.24
311.18,3.69
311.1811,10.58
311.1813,5.14
311.2151,9.83
311.2414,8.28
311.2456,7.25
311.2456,9.65
311.9493,3.8
311.9502,5.51
311.9503,2.03
311.9516,4.53
311.9679,4.26
311.984,5.01
312.0757,1.16
312.0846,1.1
312.102,4.03
312.1032,3
312.1053,10.89
312.1069,3.26
312.1202,3.4
312.1207,1.09
312.1208,2.62
312.1224,3.95
312.1386,5.3
312.1566,1.13
312.1569,3.66
312.157,2.58
312.1752,4.75
312.1752,5.43
312.1752,6.23
312.1754,7.34
312.1756,8.01
312.1756,10.58
312.1758,3.73
312.1914,9.82
312.1926,5.44
312.193,4.73
312.1934,5.98
312.212,9.99
312.2296,5.67
312.2297,6.67
312.2298,7.11
312.277,6.32
312.4519,5.45
312.9206,5.14
312.9489,4.52
312.9535,1.95
312.9655,5.17
313.1223,1.09
313.1245,2.65
313.1245,3.08
313.1601,3.34
313.1602,1.73
313.1767,7.99
313.1944,3.97
313.1967,5.42
313.2612,10.33
313.2613,5.81
313.3058,10.46
313.6961,4.02
313.9464,1.96
313.9478,5.39
313.9798,5.19
313.9799,4.66
313.9815,4.07
313.9962,5.77
314.0492,9.42
314.0492,10.14
314.0635,1.08
314.0747,1.14
314.0787,7.04
314.0853,3.15
314.0853,8.64
314.0853,9.98
314.0853,10.73
314.0855,6.78
314.0912,1.2
314.0925,2.66
314.0998,2.36
314.0999,1.09
314.1161,3.27
314.1165,3.96
314.1185,6.58
314.1361,2.52
314.1361,3.05
314.1363,1.09
314.1522,4.02
314.1523,4.6
314.1534,7.31
314.1542,5.4
314.1724,3.45
314.173,5.1
314.1739,10.58
314.174,8
314.1749,7
314.1878,6.96
314.1999,9.86
314.2084,5.3
314.2235,9.88
314.2268,10.66
314.2452,10.25
314.2453,5.92
314.2453,8.61
314.2454,6.4
314.2454,7.39
314.264,5.99
314.2645,10.33
314.4489,5.23
314.9455,5.47
314.9743,5.36
314.9833,5.2
315.0503,9.42
315.086,10.84
315.0861,8.64
315.0954,2.6
315.1045,10.91
315.1106,2.39
315.114,4.5
315.1216,6.58
315.1343,3.39
315.1438,3.45
315.1503,3.71
315.1756,3.79
315.1762,1.16
315.2273,9.83
315.2326,10.6
315.2482,10.25
315.945,5.61
315.9689,5.51
315.9864,5.2
315.996,4.89
316.0598,2.67
316.0649,7.14
316.0776,1.11
316.0832,10.82
316.0833,6.62
316.0833,8.64
316.0834,8.67
316.084,3.12
316.0892,1.12
316.0903,2.64
316.095,3.47
316.0957,2.67
316.107,2.68
316.1148,2.36
316.1149,3.22
316.1151,1.09
316.1315,4.4
316.1318,3.43
316.1515,1.11
316.1518,3.3
316.1669,4
316.1671,5.01
316.1876,2.98
316.1878,3.88
316.2031,6.09
316.2034,7.06
316.2166,10.59
316.2361,6.21
316.2394,10.41
316.2571,5.96
316.2603,10.99
316.261,10.39
316.2611,6.84
316.2614,8.72
316.4703,5.43
317.0152,4.34
317.0835,5.81
317.0836,8.64
317.0837,10.85
317.1317,2.73
317.1974,5.17
317.2294,10.59
317.2485,8.51
317.2627,8.58
317.2654,6.82
317.9146,8.84
317.9147,4.41
317.9416,5.63
317.9576,1.52
317.9901,6.81
317.9928,5.17
317.993,4.47
317.9937,6.26
318.0115,1.44
318.0146,4.52
318.0348,3.86
318.0628,6.93
318.081,10.86
318.0813,8.64
318.1118,1.12
318.1121,2.74
318.1122,3.31
318.1228,2.39
318.1459,4.6
318.1467,3.59
318.1826,4.45
318.1829,5.09
318.2041,2.79
318.2042,2.12
318.2146,10.56
318.2191,7.27
318.2192,7.97
318.2554,10.55
319.0796,10.94
319.145,1.16
319.1457,3.49
319.1544,5.37
319.9478,5.36
319.972,5.34
319.9733,1.16
319.9868,5.76
319.9869,4.74
319.987,10.6
319.9874,6.88
320.0087,4.93
320.0092,1.45
320.0097,4.36
320.0315,4.29
320.0907,1.09
320.091,2.5
320.1264,3.06
320.1442,6.79
320.162,3.83
320.1831,3.23
320.1981,4.41
320.1982,5.08
320.1992,6.48
320.2002,7.01
320.2191,2.67
320.2192,4.91
320.2196,7.82
320.2303,7.38
320.2343,7.72
320.2374,8.61
320.9468,5.35
320.9626,5.48
320.99,4.54
320.9902,5.87
321.1383,1.15
321.1474,6.79
321.1612,5.59
321.2,4.82
321.2228,4.84
321.2306,7.53
321.9534,5.5
321.9684,5.48
322.0043,5.22
322.0266,4.16
322.0688,6.86
322.0698,10.77
322.0702,1.1
322.1058,1.08
322.106,2.62
322.1413,3.39
322.1413,4.19
322.1622,2.39
322.1776,3.82
322.1782,4.36
322.1987,3.11
322.2114,9.5
322.2116,10.32
322.215,6.55
322.2165,7.81
322.2171,9.42
322.2272,7.22
322.2369,8.56
322.2479,8.64
322.2498,10.58
322.9526,5.51
323.0928,2.42
323.1436,1.12
323.1767,6.01
323.1773,3.46
323.1807,4.66
323.2162,9.46
323.2456,7.05
323.95,2.69
323.9504,5.45
323.9674,5.49
323.9838,5.46
324.0206,4.9
324.0207,4.87
324.0851,1.08
324.1003,3.06
324.1208,1.09
324.1209,2.78
324.1569,3.25
324.1785,7.84
324.1931,4.22
324.1934,4.8
324.1957,8.55
324.1966,9.83
324.2143,9.41
324.2274,10.52
324.2294,5.47
324.2296,7.45
324.964,5.64
324.9816,5.35
325.1269,3.36
325.1598,3.85
325.1961,4.21
325.1961,5.16
325.1978,9.83
325.2289,10.52
325.2319,7.56
325.2614,10.6
325.949,5.52
325.9492,4.86
325.9496,1.04
325.9798,2.51
325.9798,5.56
325.985,3.94
325.9998,5.41
326.0803,2.51
326.0853,10.72
326.0854,7.8
326.0855,9.04
326.1003,1.09
326.1003,2.51
326.1362,1.09
326.1362,4.21
326.1363,2.55
326.1363,2.87
326.1533,4.74
326.1543,5.74
326.1719,1.15
326.1725,2.8
326.1725,3.57
326.1726,4.37
326.1726,5.76
326.1897,6.55
326.1907,5.07
326.1908,4.76
326.1908,5.94
326.1912,8.38
326.1912,9.66
326.1913,7.75
326.1953,9.97
326.2087,4.56
326.2089,8.96
326.209,7.21
326.2451,6.97
326.2453,10.57
326.2454,7.52
326.9469,4.77
326.9525,1.05
326.9608,6.41
326.9613,5.69
326.9889,3.75
326.9973,8.49
327.0713,4.88
327.0713,5.48
327.0859,9.03
327.086,10.71
327.1179,1.22
327.137,1.09
327.2118,7.16
327.2121,4.49
327.2123,8.91
327.2406,4.23
327.2407,5.13
327.2769,10.78
327.2774,8.51
327.9448,3.71
327.9452,5.59
327.9461,4.72
327.9736,5.46
327.9813,4.97
327.9817,10.57
327.9825,3.75
327.9954,5.43
328,8.49
328.0649,8.82
328.0743,4.89
328.0798,1.08
328.0832,10.72
328.0834,9.03
328.0835,7.8
328.0941,7.78
328.0968,3.79
328.1011,10.67
328.1156,2.5
328.1157,1.11
328.1169,3.04
328.1251,3.36
328.133,4.23
328.1341,6.07
328.1517,2.39
328.1519,1.11
328.1519,3.51
328.1697,5.76
328.1702,10.54
328.1709,7.81
328.1878,3.9
328.1878,4.37
328.1895,10.59
328.1899,8.38
328.2242,4.87
328.2242,5.4
328.2245,5.77
328.2398,10.23
328.2608,8.95
328.2614,10.51
328.2971,9.79
328.9467,5.6
328.954,5.64
328.9849,4.96
328.9934,8.49
329.0649,8.82
329.0835,7.79
329.095,7.76
329.1161,1.09
329.1298,4.49
329.1371,6.11
329.1912,8.39
329.2562,6.87
329.9497,2.84
329.9504,5.39
329.9595,4.86
329.97,5.54
329.9748,5.46
329.9819,5.04
329.9877,4.95
330.0086,2.09
330.0773,1.1
330.0809,7.78
330.0933,2.49
330.094,1.08
330.0994,10.73
330.1098,2.66
330.1126,1.11
330.1136,3.53
330.1137,2.93
330.1232,2.8
330.1314,1.09
330.1314,2.42
330.1321,3.02
330.1467,4.45
330.1468,3.56
330.1644,4.65
330.1672,3.43
330.1807,7.92
330.182,5.38
330.1824,5.14
330.1826,4.79
330.2032,4.38
330.2032,5.35
330.2194,7.16
330.2402,4.9
330.2404,8.13
330.2554,10.75
330.277,10.79
330.9487,10.62
330.9488,5.61
330.9495,4.57
331.1072,2.63
331.1155,2.63
331.1708,3.57
331.2386,4.79
331.2589,10.77
331.4502,5.6
331.9469,2.84
331.9561,5.33
331.9849,4.95
331.9861,6
331.9869,3.77
332.0521,4.52
332.0914,1.1
332.0919,3.11
332.0922,2.36
332.1263,1.11
332.1267,3.29
332.1424,3.76
332.1621,3.66
332.1622,4.34
332.1822,3.4
332.1832,4.07
332.1961,8.45
332.198,4.42
332.1982,5.3
332.2345,10.61
332.2548,5.25
332.2561,7.61
332.4488,5.59
333.0915,2.85
333.9444,2.84
333.9469,5.53
333.9522,5.36
333.9864,7.45
333.989,1.47
333.99,5.33
334.0099,4.75
334.0697,1.09
334.0879,3.43
334.106,1.1
334.1067,3.03
334.1417,3.22
334.1417,3.43
334.1626,2.75
334.1627,5.16
334.1769,5.51
334.1776,3.86
334.1776,4.66
334.1881,6.99
334.2111,9.38
334.214,5.82
334.2144,6.44
334.216,7.26
334.2266,8.28
334.2857,10.78
334.9922,1.46
335.006,4.96
335.1401,3.14
335.1795,3.86
335.9508,5.54
335.982,6.62
335.9839,6.05
335.984,4.28
335.9873,1.5
336.0055,4.73
336.0262,4.1
336.0531,1.09
336.0581,7.58
336.0864,1.08
336.1,4.14
336.1209,1.09
336.1212,2.83
336.1363,3.49
336.1571,2.89
336.1571,3.46
336.1933,4.29
336.1936,4.82
336.2138,4.32
336.2273,10.24
336.2295,5.7
336.2296,5.27
336.2427,8.69
336.9488,5.7
337.0034,4.98
337.0611,7.57
337.1027,4.12
337.1263,3.14
337.1499,3.37
337.1591,3.38
337.1952,5.09
337.2304,10.23
337.2613,10.07
337.4501,5.61
337.9485,1.12
337.9637,5.54
337.9705,5.48
337.9799,6.51
337.982,1.48
337.9963,6.83
338.0004,4.96
338.0073,5.41
338.02,3.59
338.0221,4.45
338.1005,1.12
338.1005,2.54
338.1006,1.92
338.1363,1.09
338.1364,2.95
338.1724,3.54
338.1725,2.82
338.1725,4.03
338.2051,8.03
338.2065,10.29
338.2085,4.28
338.2089,4.96
338.2089,5.14
338.2105,10.46
338.2127,9.01
338.2396,8.62
338.2429,10.96
338.2434,6.67
338.2436,6.14
338.2443,7.76
338.2645,10.06
338.9464,5.94
338.9623,5.56
338.9842,6.5
339.0004,6.83
339.1365,1.1
339.1715,6.71
339.1721,5.5
339.1751,3.91
339.1753,3.16
339.2768,10.59
339.9452,5.92
339.9712,5.76
339.9788,1.34
339.9956,5.56
340.0007,4.46
340.0169,4.69
340.0801,1.1
340.1156,1.09
340.1159,2.53
340.1327,2.81
340.1516,3.27
340.1519,1.1
340.152,2.74
340.1671,5.66
340.1703,6.26
340.1881,3.72
340.1913,7.34
340.2017,3.79
340.2068,10.56
340.2069,8.82
340.2074,5.12
340.2075,4.56
340.223,6.33
340.2235,5.45
340.2236,5.25
340.2393,10.85
340.2608,10.4
340.4712,5.96
340.9673,5.85
341.027,8.43
341.116,1.09
341.2101,8.82
341.2106,10.56
341.2555,5.39
341.2561,9.28
341.2916,10.58
341.4687,5.76
341.9447,1.46
341.9748,5.45
341.9785,4.66
342.0107,5.52
342.0111,4.98
342.095,1.08
342.1137,3.83
342.1311,1.09
342.1312,2.49
342.1313,3.37
342.1386,3.63
342.1478,3.57
342.1489,4.51
342.1669,1.13
342.1674,2.36
342.1674,3.48
342.1828,10.52
342.1863,6.28
342.1868,7.18
342.1888,2.48
342.2035,4.79
342.2036,3.98
342.204,10.71
342.2057,8.83
342.2198,7.97
342.2513,4.45
342.2584,9.27
342.2767,10.46
342.2769,8.92
342.2772,8.22
342.2952,10.6
342.2959,9.17
342.2961,8.46
342.7167,4.34
342.9479,5.58
343.1308,1.1
343.1697,3.76
343.2357,5.48
343.2719,8.75
343.2719,9.77
343.279,8.23
343.2797,10.47
343.3082,10.99
343.9564,5.58
343.9566,2.26
343.9566,2.77
343.9666,5.57
343.9749,6.04
343.9765,3.71
343.9767,4.61
343.9902,5.1
344.0909,1.1
344.0957,8.98
344.0958,10.82
344.0962,7.81
344.1104,1.08
344.1149,7.2
344.1192,2.41
344.1225,1.16
344.1267,3.48
344.1289,4.07
344.1359,3.27
344.1447,3.55
344.1462,2.67
344.1465,1.09
344.1485,3.25
344.1627,3.98
344.1658,7.87
344.1757,8.92
344.1789,10.51
344.1826,3.68
344.1831,4.89
344.1853,6.2
344.1985,4.98
344.2191,5.09
344.2351,7.69
344.2557,6.76
344.2922,8.91
344.2924,6.59
344.9464,5.7
344.9715,5.56
345.0965,10.84
345.0966,7.81
345.1214,2.87
345.1588,3.53
345.2067,8.45
345.2507,5.46
345.2514,7.41
345.2582,6.64
345.2955,8.91
345.4477,5.63
345.945,5.71
345.9715,6.06
345.9859,5.74
345.9862,4.95
345.9863,4.33
346.0065,1.14
346.0392,8.03
346.0943,7.81
346.1061,1.1
346.1068,3.16
346.1075,2.63
346.1249,1.1
346.1415,3.41
346.1419,4.45
346.1444,5.5
346.1631,3.22
346.1725,8.93
346.1776,3.98
346.1778,4.69
346.193,3.94
346.2134,5.13
346.9521,5.77
346.967,5.85
347.0393,8.03
347.0928,7.81
347.1795,4.16
347.2043,8.38
347.2667,8.52
347.4521,5.67
347.9265,5.61
347.9508,5.83
347.9683,1.1
347.9806,7.16
347.9817,6.05
347.9819,7.7
347.982,4.73
347.9829,5.31
348.0041,1.13
348.0669,3.28
348.0673,2.5
348.0862,2.65
348.0869,1.09
348.1218,1.1
348.1226,3.11
348.1567,2.81
348.157,3.59
348.1715,5.73
348.193,3.9
348.1931,4.39
348.1932,5.58
348.286,9.43
348.9628,6.98
348.9724,1.14
349.0215,5.39
349.1428,5.32
349.6445,5.36
349.9467,6.02
350.0189,4.74
350.0622,8.64
350.0647,2.38
350.1013,1.09
350.1021,2.52
350.1364,1.11
350.1366,2.99
350.1429,5.18
350.1725,3.47
350.1725,3.89
350.1935,3.02
350.2089,4.62
350.2115,10.33
350.212,10.96
350.2429,10.56
350.9467,5.97
350.9593,6.98
351.0971,1.1
351.1384,2.68
351.1404,3.33
351.1455,3.56
351.1732,3.69
351.2092,5.38
351.2113,3.95
351.9435,6.02
351.9607,5.74
351.9807,5.54
351.993,6.03
352.0002,5.26
352.0011,4.58
352.0809,1.09
352.1159,2.51
352.116,1.09
352.1517,1.11
352.1518,2.78
352.1519,3.37
352.1519,3.97
352.1865,5.55
352.1879,3.97
352.188,3.7
352.1882,4.56
352.209,3.13
352.21,10.66
352.224,3.78
352.2244,4.78
352.2245,5.3
352.2252,6.71
352.2265,10.78
352.2269,8.05
352.2588,10.29
352.9458,6.03
352.9969,4.34
353.1089,1.12
353.1156,1.09
353.1207,2.72
353.1503,1.12
353.1539,1.11
353.1863,7.24
353.19,5.35
353.1904,3.72
353.2203,6.64
353.2406,10.49
353.2563,8.69
353.4498,5.93
353.8651,10.16
353.9445,6.05
353.9894,4.72
353.9967,5.24
354.0165,4.48
354.0956,1.07
354.097,2.5
354.1114,3.27
354.1309,4.2
354.1311,1.1
354.1311,3.11
354.1314,2.58
354.1673,2.51
354.1673,3.33
354.1791,5.57
354.1869,7.07
354.2023,2.55
354.2034,3.8
354.2034,4.23
354.2036,4.83
354.204,8.93
354.2066,8.19
354.2074,10.55
354.2196,9.09
354.2236,8.96
354.2267,8.07
354.2386,4.21
354.2389,7.16
354.9536,6
354.9642,5.95
354.9916,8.68
355.164,3.51
355.1695,3.29
355.2073,8.93
355.236,8.27
355.2718,9.3
355.2719,8.4
355.2719,10.54
355.3082,10.45
355.862,10.16
355.9472,10.6
355.9473,5.92
355.9913,5.36
356.0077,4
356.0127,4.97
356.013,4.08
356.0751,1.08
356.0959,9.11
356.096,10.05
356.1108,1.08
356.1112,2.65
356.1287,3.7
356.129,5
356.1332,3.62
356.1467,1.1
356.1469,2.52
356.1647,5.09
356.1824,1.14
356.1826,3.44
356.1829,2.9
356.197,8.09
356.2014,6.6
356.2069,8.24
356.2187,4.37
356.219,5.4
356.2336,9.27
356.2343,10.62
356.2545,5.4
356.2555,6.41
356.2556,8.32
356.4487,5.94
356.9459,5.94
356.9715,5.02
357.0968,10.95
357.0969,9.1
357.097,10.02
357.2511,9.1
357.2872,9.75
357.2875,8.81
357.4471,5.95
357.8592,10.15
357.9441,5.93
357.9551,2.17
357.9552,1.27
357.9737,5.09
357.9859,5.77
357.9875,4.59
357.9914,4.93
358.0028,6.84
358.0061,5.31
358.0067,4.64
358.0212,9.38
358.0745,9.92
358.0893,1.09
358.094,10.94
358.0941,10.04
358.0942,9.07
358.1051,1.11
358.1065,10.85
358.1078,2.96
358.1082,4.1
358.1267,1.09
358.1352,2.4
358.1419,3.81
358.1469,3.88
358.1481,4.68
358.1567,3.1
358.162,1.1
358.162,2.73
358.1622,3.42
358.1773,3.83
358.1783,4.71
358.1799,5.25
358.1807,7.18
358.1979,3.68
358.1986,4.8
358.2118,9.16
358.2135,5.58
358.9439,5.94
359.0752,9.94
359.1357,2.84
359.1413,2.44
359.1736,4.5
359.2667,9.12
359.3027,9.44
359.9506,5.54
360.0014,5.52
360.0033,4.68
360.0221,1.35
360.0545,8.03
360.0882,1.09
360.0913,8.65
360.1205,1.1
360.1218,2.62
360.1224,3.32
360.1409,1.1
360.1413,2.39
360.1453,3.99
360.1567,3.66
360.1603,7.5
360.1725,5.68
360.1771,3.38
360.1905,5.06
360.1928,4.12
360.1937,6.49
360.1942,7.17
360.2276,10.02
360.2291,5.19
360.2294,5.85
360.2302,6.76
360.2672,9.12
360.2873,8.84
360.9487,5.36
360.9975,5.38
361.0553,8.03
361.1537,3.3
361.9468,6.07
361.9469,10.57
361.9471,3.12
361.9477,4.53
361.9486,3.99
361.984,1.19
362.02,1.38
362.0528,8.03
362.0828,2.67
362.1007,3.54
362.1016,1.08
362.1365,2.88
362.137,1.1
362.1376,4.26
362.1575,3.46
362.1726,3.5
362.1726,3.89
362.1741,7.29
362.187,2.73
362.2085,4.58
362.2085,5.23
362.2429,10.58
362.2452,6.57
362.2664,10.43
362.3022,10.06
362.4484,5.86
362.9468,6.01
362.962,5.86
362.9872,1.17
363.1371,3.25
363.1733,4.18
363.1735,3.17
363.2464,10.58
363.2604,8.76
363.27,10.43
363.4638,5.78
363.9233,5.82
363.9433,3.1
363.9439,6.09
363.9765,5.86
363.9765,10.62
364.0816,1.09
364.1161,1.1
364.1168,2.6
364.1517,4.53
364.1519,3.32
364.1522,2.62
364.174,2.31
364.1881,3.74
364.1881,4.43
364.2088,3.64
364.2093,4.83
364.216,10.41
364.2237,5.14
364.2265,10.62
364.2447,5.4
364.259,9.04
364.4463,6.3
364.944,6.17
364.9802,5.86
365.1522,2.67
365.1851,3.41
365.1861,2.78
365.1882,3.95
365.2137,3.65
365.2298,10.6
365.2493,5.01
365.2642,8.99
365.9423,6.22
365.9658,6.16
365.9777,1.17
365.9908,7.75
366.0962,1.09
366.1137,4.56
366.1313,1.09
366.1314,2.5
366.149,3.53
366.1673,3.4
366.1675,2.56
366.1701,6.48
366.2024,5.81
366.2034,3.95
366.2037,4.88
366.2145,10.39
366.2247,4.77
366.2254,10.7
366.2387,8.85
366.2592,5.43
366.2743,10.55
366.2756,6.98
366.4669,6.07
366.9636,6.18
367.0121,5.02
367.131,1.09
367.1352,2.67
367.171,4.06
367.2062,3.73
367.2066,4.66
367.2275,10.7
367.2472,8.39
367.945,3.94
367.9472,6.01
367.9762,5.16
368.0104,4.91
368.0751,1.1
368.0908,2.47
368.1109,1.09
368.1112,2.46
368.1467,1.08
368.1469,2.79
368.1633,3.67
368.1828,3.39
368.1829,3.94
368.203,8.01
368.219,4.78
368.2191,4.07
368.2195,8.93
368.2226,8.27
368.225,10.69
368.2402,4.67
368.2538,8.91
368.7327,6.38
368.7368,6.38
368.961,5.95
369.1133,1.08
369.1405,3.11
369.1498,3.36
369.1847,3.37
369.2019,7.78
369.223,8.93
369.251,8.26
369.9448,6.05
369.9758,5.89
369.9834,10.58
369.9838,6.32
369.9841,5.41
369.9853,4.68
369.9908,5.31
370.0908,1.08
370.1113,10.72
370.1259,1.08
370.1271,2.63
370.1365,3.49
370.1437,3.55
370.1622,1.1
370.1622,3.37
370.1803,5.4
370.1828,4.55
370.185,7.61
370.198,3.61
370.1999,5.1
370.1999,7.74
370.2136,10.46
370.22,3.05
370.2253,8.93
370.25,10.53
370.2547,8.31
370.2712,7.54
370.4463,6.04
370.9438,6.06
370.9483,6.08
370.9879,10.58
371.0611,4.89
371.0612,5.48
371.1113,10.75
371.2003,3.98
371.2308,8.17
371.2358,4.76
371.267,7.38
371.9505,6.12
371.9658,6.15
371.9871,5.68
372.0075,4.88
372.0641,4.88
372.0643,5.48
372.0707,2.62
372.0728,8.41
372.0728,10.93
372.073,9.83
372.0918,10.65
372.1055,1.09
372.1081,10.76
372.1214,3.44
372.122,2.87
372.1256,3.31
372.127,10.81
372.1313,2.93
372.1349,3.56
372.141,2.4
372.1415,1.09
372.1417,3.44
372.1604,2.88
372.1609,3.88
372.1628,4.47
372.1778,3.75
372.1914,3.83
372.2122,3.72
372.2135,4.26
372.2262,8.43
372.2276,6.91
372.2293,10.49
372.2507,6
372.27,8.68
372.2703,7.35
372.2985,6.32
372.453,6.04
372.9476,6.15
373.0588,5.48
373.0731,9.77
373.0733,10.93
373.2469,6.3
373.2822,6.88
373.2824,8
373.3016,6.33
373.9464,3.76
373.9592,6.05
373.9809,5.88
373.9859,3.96
374.0031,4.73
374.0032,5.41
374.0038,3.83
374.0522,6.58
374.0522,9.42
374.0522,9.86
374.0522,10.88
374.0697,9.64
374.0709,8.41
374.105,1.09
374.1062,9.43
374.1064,8.78
374.1178,1.11
374.1252,10.84
374.1367,3.28
374.1619,4.44
374.1725,3.64
374.1731,4.1
374.1759,7.95
374.2086,4.79
374.2093,3.95
374.2098,7.61
374.2421,7.42
374.244,5.31
374.2483,6.24
374.2667,8.31
374.2858,8.04
375.0524,10.39
375.0526,9.41
375.0527,10.94
375.0528,6.57
375.0532,7.93
375.1065,8.64
375.1071,9.43
375.2965,9.47
375.2981,7.83
375.9449,6.06
375.9454,3.68
375.9465,2
375.9629,2.95
375.9634,5.55
375.9764,6.17
375.9768,10.6
375.98,5.17
375.9805,5.13
375.9973,5.43
375.9995,1.47
376.0167,6.95
376.05,10.91
376.0502,10.14
376.0503,9.52
376.0845,1.1
376.104,8.64
376.1048,9.44
376.116,3.19
376.1164,2.64
376.1165,1.08
376.1239,10.89
376.1344,4.91
376.1521,3.38
376.1875,5.31
376.1879,3.76
376.188,7.6
376.1888,4.49
376.2095,3.81
376.2272,10.58
376.2575,4.37
376.281,4.23
376.282,10.49
376.2823,8
376.299,9.38
376.2997,10.6
376.3014,7.84
376.3179,10.75
376.9442,5.76
376.9583,6.12
376.9835,5.21
376.994,9.1
377.0028,1.44
377.0503,9.41
377.1371,4.93
377.2211,4.76
377.2228,10.56
377.2235,6.47
377.2856,10.47
377.9424,6.24
377.9427,4.2
377.9432,3.41
377.9434,1.97
377.964,5.78
377.973,5.06
377.9765,6.08
377.9811,4.61
377.9874,5.26
377.9912,4.58
377.9919,5.9
378.0018,1.43
378.0973,1.09
378.1315,1.09
378.1316,2.85
378.1318,2.51
378.1318,4.58
378.167,5.32
378.1673,2.79
378.1674,3.43
378.1869,4
378.2035,4.31
378.2036,3.76
378.2246,3.6
378.2264,6.5
378.2399,5.31
378.2436,9.21
378.2881,7.98
378.4424,6.27
378.9793,6.08
379.0155,5.99
379.1345,2.58
379.1448,2.42
379.1709,5.34
379.1988,4.08
379.2048,3.78
379.2432,5.31
379.2468,9.19
379.291,10.4
379.9405,6.16
379.9471,6.05
379.9572,5.7
379.9644,6.17
379.9716,6.12
379.9927,1.41
380.0184,6.01
380.0902,3.19
380.1109,1.09
380.113,2.69
380.1467,1.1
380.1468,3.18
380.147,2.58
380.1626,7.5
380.1646,4.38
380.183,3.46
380.2017,3.56
380.2191,3.82
380.2192,5.28
380.2399,3.6
380.2536,9.09
380.2541,8.06
380.2575,10.61
380.9457,6.26
380.9458,4.59
381.0116,5.97
381.0739,7.82
381.1484,1.1
381.2877,8.36
381.4473,6.27
381.9456,6.27
381.953,6.11
381.9828,6.3
381.9836,7.02
381.9856,3.94
382.0699,7.81
382.0908,1.09
382.1086,4.72
382.1261,1.09
382.1263,2.58
382.1273,4.23
382.1616,4.26
382.1621,3.48
382.1622,1.1
382.1623,2.86
382.1824,4.69
382.1979,1.17
382.1981,2.66
382.1983,3.48
382.1985,4.01
382.2338,7.5
382.2357,10.7
382.2374,8.5
382.239,9.28
382.2694,8.64
382.2825,8.95
382.4448,6.25
382.9447,6.17
382.9562,6.14
383.1265,1.1
383.162,2.71
383.1654,4.19
383.3028,10.17
383.9466,6.11
383.983,8.15
384.1056,1.08
384.1137,2.65
384.1405,2.72
384.1416,1.09
384.1426,3.26
384.1583,3.42
384.1666,3.95
384.1773,1.11
384.1989,2.38
384.2138,3.66
384.2139,2.98
384.2145,8.81
384.2271,9.73
384.2357,10.75
384.2867,9.32
384.9586,6.16
384.9942,6.79
385.0028,5.63
385.1838,2.82
385.2034,2.4
385.2309,9.74
385.9437,6.09
385.9477,6.27
385.978,6.37
385.9784,6.72
386.0061,5.64
386.1043,2.57
386.1062,9
386.1063,10.7
386.1196,1.08
386.1246,9.17
386.1376,3.38
386.1438,3.89
386.1569,1.09
386.1572,2.61
386.1629,3.61
386.1721,3.55
386.178,4.8
386.1932,3.54
386.2151,2.74
386.228,3.76
386.2422,10.53
386.3028,8.22
386.9458,3.92
386.9459,6.21
387,5.63
387.1073,10.7
387.1271,9.17
387.1839,4.62
387.2187,2.74
387.2616,5.81
387.2616,6.79
387.298,9.09
387.3063,8.22
387.4476,6.22
387.8208,3.12
387.8258,10.46
387.9464,2.69
387.9604,6.17
387.969,6.07
387.9757,6.93
387.9824,5.53
387.9838,4.43
387.9967,5.66
388.0138,4.96
388.0157,5.6
388.0676,10.44
388.0854,8.35
388.094,1.08
388.1034,8.96
388.1043,9.87
388.1043,10.85
388.1164,2.71
388.1215,9.17
388.1218,10.73
388.1379,3.16
388.153,2.86
388.153,3.43
388.1778,5.11
388.1877,3.67
388.1916,8.37
388.192,3.53
388.1946,4.64
388.225,8.28
388.2651,8.39
388.2818,10.58
388.2931,5.67
388.3014,9.07
388.3183,8.83
388.3367,10.63
388.462,6.16
388.9433,6.58
388.9589,6.18
389.0684,10.44
389.1048,10.81
389.1049,9.86
389.1056,9.17
389.1229,10.13
389.1958,8.38
389.2767,5.46
389.2771,8.33
389.3217,8.83
389.4441,6.55
389.8176,3.11
389.8177,3.7
389.8228,10.46
389.9418,6.53
389.942,3.73
389.9763,2.53
389.978,6.07
389.9977,5.16
389.9983,4.64
390.0659,10.44
390.0836,9.16
390.0841,8.6
390.0992,1.12
390.1013,8.51
390.102,10.86
390.1023,10.04
390.1205,10.64
390.132,1.1
390.1321,3.32
390.1324,2.74
390.1677,3.46
390.1889,3.82
390.1927,4.59
390.2036,3.72
390.2045,4.29
390.2056,8.07
390.2167,3.52
390.2387,5.4
390.2534,10.6
390.2807,8.48
390.2974,8.17
390.299,10.61
390.3052,10.59
390.3144,10.66
390.9633,6.43
390.9768,5.79
390.9845,6.03
391.0661,10.44
391.0839,9.17
391.0853,8.59
391.1018,9.9
391.1021,10.94
391.2027,5.48
391.24,6
391.2917,6.74
391.2934,8.15
391.3115,10.64
391.3174,10.67
391.3185,10.05
391.8199,10.47
391.9405,2.96
391.9714,8.35
391.9718,6.06
391.9936,4.66
391.9937,5.74
392.0788,1.09
392.0816,8.6
392.1005,9.9
392.1005,10.95
392.1091,2.43
392.1109,3.22
392.112,1.09
392.1469,2.82
392.1473,3.49
392.1483,4.63
392.1677,3.47
392.183,2.85
392.1831,3.51
392.1831,4.18
392.2193,4.02
392.2193,4.56
392.3166,10.04
392.9459,6.21
393.1497,3.48
393.1808,3.34
393.219,4.61
393.9532,6.45
393.954,3.28
393.9619,6.07
393.9732,5.42
393.9869,5.84
394.0067,7.45
394.052,2.77
394.0914,1.08
394.106,3.3
394.1108,2.75
394.1267,1.09
394.1277,2.46
394.1285,3.24
394.1621,4.18
394.1622,3.08
394.1778,3.47
394.1785,7.95
394.1831,5.01
394.1847,3.34
394.1983,3.6
394.1986,4.18
394.2185,2.41
394.2344,5.14
394.2853,10.42
394.9433,6.33
394.9765,5.42
394.9855,5.48
395.1265,1.1
395.1941,3.56
395.2333,4.9
395.445,6.32
395.9422,6.35
395.9515,3.94
395.9705,5.4
395.9816,3.96
395.9828,6.18
395.9832,8
395.9834,5.25
396.0747,1.09
396.1065,1.09
396.1413,2.66
396.1413,3.08
396.1418,1.09
396.1579,7.95
396.159,3.84
396.1608,4.39
396.1777,3.34
396.1779,1.1
396.1779,2.55
396.2002,5.16
396.2137,3.69
396.2139,4.68
396.2509,7.45
396.9487,6.38
396.9632,6.31
397.1482,3.25
397.1804,3.27
397.1805,1.13
397.2533,7.45
397.9234,6.12
397.9476,6.42
397.9702,6.28
397.9789,6.45
398.1077,1.12
398.1214,1.08
398.1219,2.38
398.1571,1.09
398.1574,2.52
398.1577,3.19
398.1583,4.33
398.1647,3.51
398.1711,4.83
398.1929,1.17
398.1933,3.36
398.2283,3.77
398.2283,5.16
398.2287,4.34
398.2332,8.42
398.3384,10.63
398.9595,7.72
398.9764,6.49
399.0185,5.99
399.1579,2.87
399.1965,1.16
399.2735,3.08
399.9302,6.72
399.9435,6.65
399.9435,10.56
399.9453,3.74
399.9776,8.36
400.1041,1.1
400.1042,10.43
400.1043,9.18
400.1292,1.14
400.1364,1.08
400.1415,2.65
400.1494,1.13
400.1508,3.36
400.1561,3.56
400.1682,3.38
400.1706,2.78
400.1724,1.09
400.1934,5.07
400.2085,3.53
400.2099,8.32
400.2562,4.94
400.2815,10.64
400.2973,8.39
400.355,8.27
400.9425,3.56
400.9453,6.61
400.9567,7.72
401.1046,9.19
401.1051,10.41
401.2127,3.63
401.2775,8.12
401.3585,8.27
401.9426,6.65
401.9466,6.61
401.9557,6.35
402.0324,5.6
402.0832,10.46
402.0859,2.64
402.1022,9.21
402.1025,10.41
402.108,1.14
402.1193,10.89
402.1327,3.36
402.1328,2.53
402.1521,3.86
402.1524,2.86
402.1675,3.51
402.1894,3.35
402.2049,4.55
402.2054,3.72
402.2071,7.34
402.217,1.15
402.2232,4.35
402.2395,10.58
402.2413,8.44
402.28,11.05
402.2982,10.16
402.3089,6.96
402.3608,8.28
402.953,6.65
402.965,6.44
402.9876,6.31
403.0855,10.45
403.1015,10.38
403.2106,7.34
403.313,6.96
403.4472,6.58
404.062,8.37
404.0799,1.1
404.08,10.42
404.0994,10.35
404.1009,9.25
404.1113,2.36
404.1126,1.1
404.1178,10.89
404.1448,4.2
404.1474,3.36
404.1477,2.76
404.1832,3.56
404.1846,5.27
404.2071,7.33
404.2191,6.47
404.2192,7.48
404.2342,3.82
404.2802,11.08
404.2883,6.1
404.2949,10.53
404.3131,9.27
404.3134,10.3
404.9532,6.65
404.9944,6.39
405.1179,9
405.1798,3.5
405.272,5.75
405.2723,7.4
405.2728,10.54
405.946,6.63
405.9499,6.68
405.971,2.96
405.9724,5.87
405.9924,5.62
406.0967,10.26
406.1265,2.66
406.1272,1.1
406.13,3.25
406.1627,3.29
406.1952,4.91
406.1984,3.62
406.2343,4.93
406.2929,10.78
406.4457,6.59
406.9433,6.6
406.9688,5.69
407.9529,2.25
407.9529,3.18
407.9678,6.38
407.9889,5.63
407.9901,4.53
408.1062,1.08
408.1416,1.09
408.1419,2.83
408.1421,2.41
408.1777,1.1
408.1778,2.68
408.1781,3.48
408.1945,8.37
408.2,3.76
408.2013,2.39
408.2136,4.17
408.2352,3.66
408.2718,5.18
408.2726,10.76
408.9407,6.48
409.089,7.82
409.1774,3.42
409.2136,5.44
409.9791,6.32
409.9842,6.15
409.9852,5.62
410.0876,1.1
410.1215,1.08
410.1225,2.6
410.1398,3.42
410.1571,3.23
410.1572,1.08
410.1735,8.39
410.1758,3.65
410.1771,4.61
410.1932,3.36
410.2296,4.32
410.2297,5.16
410.2423,10.34
410.2505,3.66
410.2509,5.61
410.9407,6.63
411.0022,2.44
411.2298,4.63
411.9437,6.6
411.9438,3.77
411.945,4.62
411.9775,8.45
411.9776,6.17
411.9781,7.08
412.1003,1.09
412.107,1.12
412.1361,2.63
412.1365,1.1
412.1725,1.09
412.1729,2.69
412.1834,3.89
412.1952,3.15
412.2082,1.18
412.2086,3.61
412.2449,4.12
412.245,5.2
412.4457,6.48
412.5746,6.41
412.5859,6.38
412.6001,6.38
412.9446,6.6
412.9469,3.77
412.9589,6.46
412.9974,5.8
413.4592,6.43
413.5966,6.31
413.9096,6.41
413.9195,6.4
413.9404,3.77
413.9418,6.6
413.9596,5.92
413.9733,6.4
413.9734,10.58
413.9737,4.46
414.1145,2.49
414.1169,1.08
414.1274,1.13
414.1281,2.31
414.1322,3.39
414.134,2.61
414.136,4.25
414.1514,1.1
414.1557,3.74
414.1607,2.63
414.1621,3.48
414.1704,2.82
414.1704,3.79
414.1881,3.41
414.1885,1.11
414.203,5.1
414.204,8.06
414.2175,4.12
414.2239,1.23
414.224,3.81
414.2464,3.24
414.2975,10.79
414.3707,8.48
414.4436,6.59
414.8432,6.36
414.9417,6.51
414.9768,6.43
414.977,3.53
414.9828,6.92
415.1903,1.11
415.2073,8.06
415.2505,3.22
415.3008,10.82
415.9139,6.79
415.9387,6.85
415.9885,8.36
415.9922,1.56
416.1169,10.09
416.1171,9.2
416.1323,1.09
416.1477,3.36
416.1846,3.52
416.1863,5.66
416.2035,1.16
416.2039,4.14
416.2082,2.59
416.2103,8.05
416.2184,4.42
416.2196,5.13
416.2553,10.57
416.3135,10.24
417.1183,9.21
417.2499,7.03
417.3167,10.09
417.919,6.95
417.9444,6.52
418.0073,5.55
418.0968,9.58
418.1148,9.26
418.115,10.21
418.1326,9
418.1625,3.2
418.1985,3.57
418.2005,5.34
418.2128,10.62
418.2174,9.25
418.2342,4.41
418.2347,5.1
418.2747,9.07
418.293,8.26
418.3292,5.9
418.9579,6.37
419.1153,9.3
419.1335,9
419.2007,3.4
419.2293,10.56
419.2382,5.1
419.278,9.05
419.9417,6.57
419.9421,3.79
419.9524,3.93
419.9803,10.27
419.9805,5.61
419.9808,6.88
420.0578,9.49
420.1061,1.08
420.1125,10.23
420.1128,10.43
420.1129,9.3
420.1313,9
420.1416,3.02
420.1427,2.69
420.1779,3.33
420.1781,2.6
420.2134,3.55
420.2188,4.33
420.275,9.04
420.308,8.09
420.3342,10.29
420.4429,6.58
421.058,9.49
421.2113,4.54
421.9471,6.49
421.9479,4.58
421.9675,2.92
422.0026,5.56
422.1109,9.29
422.1229,1.07
422.1246,2.47
422.1568,1.09
422.1573,2.64
422.1574,3.17
422.1913,1.14
422.1932,3.44
422.2284,3.89
422.2334,8.52
422.2511,5.67
422.2514,4
422.2803,8.25
422.3367,8.28
422.9986,5.66
423.2367,8.52
423.2541,5.71
423.9434,4.2
423.9437,6.72
423.964,6.27
423.9821,5.78
423.9837,5.04
424.0141,5.61
424.0807,9.87
424.102,1.1
424.1302,3.18
424.1366,1.08
424.137,2.49
424.1413,2.57
424.172,3.29
424.1728,2.46
424.1729,1.1
424.2085,3.56
424.2337,8.52
424.239,5.16
424.2668,5.55
424.3013,6.05
424.3335,10.86
425.0177,3
425.2356,8.51
425.9404,4.19
425.9425,6.48
425.9434,3.12
425.9488,4.2
425.9569,4.15
425.9593,6.72
425.9773,5.82
425.9903,6.62
426.0131,7.7
426.0777,9.87
426.1019,1.11
426.1171,1.08
426.1518,2.84
426.1523,1.08
426.1847,3.28
426.1872,1.1
426.1878,2.54
426.1889,3.37
426.224,4.42
426.2243,3.67
426.2822,5.37
426.2949,8.81
426.9563,6.43
426.9802,5.86
427.2545,9.05
427.8834,10.56
427.8835,8.84
427.9381,4.07
427.9393,6.83
427.9505,6.67
427.9598,4.16
427.973,3.12
427.9745,4.88
427.9757,6.15
428.132,1.08
428.1517,3.35
428.1648,2.53
428.1672,1.09
428.1818,3.82
428.2063,3.51
428.2253,2.53
428.2397,3.84
428.2398,4.09
428.241,10.62
428.3861,6.6
428.8869,8.84
429.2433,10.71
429.2505,5.66
429.272,4.11
429.9378,6.73
429.9447,6.6
429.9665,4.56
429.9688,6.63
429.981,6.21
430.0272,5.28
430.1148,10.31
430.1148,10.9
430.1315,10.7
430.1331,1.11
430.1453,1.09
430.1651,3.84
430.1863,3.06
430.2015,4.15
430.2413,2.99
430.3291,8.26
430.9432,6.61
430.9442,4.79
431.1154,10.19
431.1156,10.9
431.2447,2.99
431.4448,6.56
431.8777,8.84
431.9425,6.59
431.947,4.72
431.9497,6.68
431.9786,6.71
432.0941,10.94
432.1037,1.08
432.1126,10.89
432.1129,10.23
432.1303,10.72
432.1433,2.45
432.1448,1.1
432.1786,3.45
432.1805,4.47
432.2138,4.48
432.2141,3.6
432.2145,8.02
432.2354,4.02
432.3085,4.39
432.3347,8.33
432.3443,8.85
432.3443,10.43
433.0948,10.94
433.1086,10.88
433.1307,10.77
433.2463,5.79
433.3477,8.85
433.8746,10.6
433.9366,1.51
433.9452,6.68
433.9796,8.73
434.0188,9.72
434.0731,9.56
434.0733,10.44
434.0924,10.95
434.1094,9.87
434.1099,10.7
434.1326,1.11
434.1935,3.64
434.2298,3.82
434.2434,3.79
434.2495,4.47
434.2694,9.48
434.34,10.76
434.3504,10.82
434.9541,6.74
434.9995,6.18
435.0739,9.56
435.0921,10.95
435.1097,9.87
435.8719,8.84
435.9741,6.85
435.9741,7.74
436.0026,6.18
436.0714,9.57
436.1061,9.88
436.1366,1.08
436.1397,2.53
436.1609,3.28
436.1717,2.35
436.1729,3.19
436.2085,3.67
436.2092,5.38
436.2451,3.94
436.2486,10.48
436.2666,4.06
436.3138,10.61
436.9427,6.54
436.9969,6.18
437.0713,9.57
437.213,5.35
437.2444,5.37
437.2486,3.84
437.943,3.5
437.9771,6.1
437.9849,6.1
437.985,7.35
438.0699,9.57
438.1521,2.59
438.1529,3.34
438.1532,1.08
438.1874,1.1
438.188,3.21
438.2239,3.75
438.282,4.11
438.3102,8.3
439.2593,5.3
439.2681,8.38
439.9384,6.88
439.9581,5.36
439.959,3.41
439.9772,6.08
439.9917,6.06
440.132,1.07
440.167,1.08
440.1679,2.79
440.1789,3.46
440.2032,3.39
440.2238,2.76
440.225,3.36
440.2621,5.31
440.5153,6.83
440.9816,6.34
441.2321,3.4
441.93,6.84
441.9384,3.51
441.9466,6.12
441.9521,6.8
441.9527,6.28
441.9689,6.55
441.9744,5.27
441.98,6.08
442.0045,6.8
442.1308,2.43
442.1385,2.64
442.1483,1.09
442.1583,2.91
442.1646,2.74
442.1821,1.11
442.1821,2.9
442.1907,1.12
442.1994,5.98
442.2057,1.19
442.2185,3.47
442.2556,4.47
442.2558,5.07
442.2588,10.85
442.2598,8.46
442.2691,10.98
442.9422,6.48
442.9423,3.55
442.9999,6.38
443.2625,10.88
443.9494,4.15
443.9494,10.59
443.9497,6.93
443.9518,5.23
443.9697,6.04
443.9805,6.63
444.004,8.15
444.1405,3.17
444.1453,1.1
444.1669,3.53
444.1755,3.4
444.2359,3.99
444.2511,10.74
445.2604,10.93
445.9475,7
445.9489,4.91
445.9636,4.76
445.9648,10.56
445.9657,6.65
445.9796,5.92
446.0387,3.63
446.0913,9.75
446.0916,10.84
446.11,10.52
446.1453,10.79
446.1469,3.18
446.1936,7.29
446.1939,3.54
446.2008,3.37
446.2065,7.92
446.2295,3.79
446.9465,6.62
447.0921,10.78
447.1098,10.48
447.1464,10.81
447.1971,7.29
447.2098,7.92
447.9224,6.82
447.946,6.97
447.9539,6.79
447.9625,6.79
447.9735,7
448.0708,10.59
448.0711,9.3
448.0713,8.46
448.0873,10.61
448.0895,9.72
448.1246,10.51
448.125,9.89
448.1371,2.82
448.1428,10.72
448.174,3.38
448.1963,4.15
448.2085,3.55
448.3387,9.08
448.9563,8.36
449.0152,6.53
449.0712,9.26
449.0712,10.59
449.0719,8.46
449.0884,10.6
449.1258,10.46
449.1294,9.87
449.9404,7.19
449.9549,3.1
449.9673,1.43
450.0185,6.53
450.0505,10.65
450.0518,9.15
450.0685,8.46
450.0689,9.34
450.0689,10.57
450.1045,9.13
450.1185,1.09
450.1222,9.88
450.1236,10.47
450.1514,1.09
450.1523,3.79
450.153,4.97
450.1535,3.26
450.1784,2.67
450.181,8.05
450.1824,4.6
450.1881,3.48
450.1885,2.81
450.2239,3.65
450.299,10.53
450.9437,7.2
450.9584,3.1
451.0134,6.53
451.0517,10.66
451.0684,10.58
451.0996,9.87
451.123,10.47
451.1837,8.04
451.2692,8.48
451.9372,7.18
452.0674,10.57
452.1023,9.09
452.1318,1.09
452.1584,4.23
452.1625,2.74
452.1664,1.08
452.1677,2.68
452.1782,4.63
452.1787,8.06
452.2037,1.13
452.2037,3.39
452.2139,3.63
452.2392,4.06
452.2436,10.83
452.2598,2.79
452.2608,3.92
452.2725,8.47
452.2997,5.87
452.3359,3.67
452.9818,6.95
452.9821,7.61
453.2406,3.84
453.2473,10.82
453.2852,9.25
453.9373,3.64
453.9666,6.78
453.9721,6.07
454.0909,9.1
454.1158,1.1
454.1472,1.07
454.1486,2.35
454.1713,3.46
454.1818,2.56
454.183,1.09
454.1845,3.22
454.2177,1.17
454.2177,3.43
454.2405,2.56
454.9905,6.96
455.9333,7.07
455.9534,2.8
455.9663,3.74
455.9703,6.92
456.0886,9.22
456.1286,1.1
456.1629,1.09
456.182,3.62
456.211,4.51
456.2321,3.24
456.2719,5.41
456.3597,10.81
456.4171,9.83
456.9649,6.22
457.2449,4.63
457.2458,5.43
457.3627,10.83
457.4206,9.83
457.9493,3.27
457.9653,6.82
457.982,6.21
458.0024,1.44
458.1547,2.42
458.188,3.33
458.1938,8.06
458.2144,4.78
458.2723,3.38
458.3607,10.67
458.3681,10.82
458.9747,6.75
458.9814,6.79
459.1977,8.06
459.2157,4.83
459.3638,10.63
459.9203,7.21
459.9441,7.24
459.9445,6.73
459.9626,3.66
459.9645,6.47
459.9646,5.54
460.125,10.61
460.1401,2.63
460.1751,3.48
460.2089,8.06
460.2092,3.55
460.2365,3.96
460.2504,3.09
460.3,10.37
460.377,7.22
460.3823,7.2
460.9563,8.25
461.1259,10.6
461.211,4.56
461.8766,7.17
461.9314,1.21
461.9401,10.56
461.9404,7.13
461.9406,4.31
461.9412,5.88
461.9603,6.44
461.9613,5.54
461.9726,6.94
462.104,9.69
462.1221,1.12
462.1238,10.6
462.1383,10.72
462.1737,2.93
462.1889,3.75
462.2229,3.67
462.2598,4.48
462.3551,10.91
462.9433,10.55
462.9637,6.43
462.9946,6.35
463.3575,10.91
463.934,4.3
463.9389,7.14
463.9462,1.14
463.9543,4.26
463.9545,6.99
463.955,10.56
463.9683,6.95
464.1029,9.82
464.1192,9.68
464.1204,10.5
464.1326,1.08
464.1387,10.73
464.1511,3.51
464.166,2.69
464.1679,3.21
464.169,1.09
464.2029,3.42
464.2392,3.79
464.2409,6.64
464.2644,4.16
464.3338,8.22
464.9409,7.19
464.9507,7.16
464.9718,6.96
465.1011,10.66
465.1209,10.11
465.2847,8.62
465.8572,8.84
465.931,3.09
465.935,7.31
465.9411,7.29
465.9524,7
465.9738,6.83
465.9934,5.43
465.994,6.17
466.1005,9.8
466.1169,10.31
466.1464,2.68
466.1649,3.53
466.1805,3.26
466.1819,2.74
466.2183,3.47
466.2772,4.16
466.2876,8.44
468.1646,2.67
468.1895,3.63
468.1991,3.38
468.1993,2.51
468.2215,3.27
468.2566,3.59
468.2919,4.18
468.4174,9.73
469.1085,10.24
469.9629,6.87
469.9775,7.33
469.9838,7.06
470.2357,3.32
470.2911,10.95
471.2875,10.92
472.0944,4.52
472.1992,3.8
472.2076,3.5
472.2506,2.81
472.2678,4.84
472.9901,6.84
473.2013,3.79
473.241,4.11
473.9414,4.54
473.9436,3.82
473.9604,7.18
473.9657,6.96
474.1226,10.73
474.1227,10.35
474.1916,3.7
474.2234,3.72
474.2248,8.06
474.2248,10.55
474.2674,3.2
474.2892,9.16
474.3341,7.3
474.3553,8.32
475.1232,10.79
475.2708,3.2
475.2926,9.16
475.9399,3.77
475.9469,1.43
475.9738,6.4
476.0003,1.4
476.101,10.8
476.1202,10.43
476.1672,2.77
476.1678,5.75
476.1694,3.38
476.2035,3.4
476.2311,8.06
476.2384,4.33
476.2394,3.85
476.3706,8.87
476.9426,3.76
476.9518,1.38
476.9767,6.41
477.0083,6.68
477.1149,10.85
477.1207,10.35
477.2,8.06
477.883,8.84
477.9093,7.41
477.932,3.76
477.9352,4.44
477.9352,7.35
477.9352,10.56
477.9353,5.57
477.9371,3.76
477.9552,6.91
477.9554,5.59
477.9618,1.19
477.9816,6.45
477.9885,6.48
478.0043,5.59
478.0998,10.72
478.1184,10.34
478.1772,2.98
478.1799,2.42
478.1835,6.6
478.1852,3.46
478.2201,6.25
478.2549,4.27
478.2558,5.27
478.3782,10.93
478.3987,9.83
478.938,5.58
478.9812,6.65
479.1867,6.61
479.2588,5.27
479.3004,9.5
479.4022,9.83
479.9094,7.38
479.9288,7.29
479.9323,5.58
479.9481,3.97
479.9521,6.82
479.9597,4.17
479.9647,6.99
480.133,6.82
480.1596,3.48
480.1619,2.68
480.1636,1.09
480.1977,3.36
480.1985,2.4
480.2174,3.95
480.235,4.01
480.2724,4.47
480.2925,6.46
480.2947,7.23
480.3234,7.34
480.3285,10.36
480.4137,9.75
480.9388,4.75
481.1108,9.3
481.2963,6.46
481.3328,10.35
481.4488,8.28
481.8807,7.26
481.9121,7.35
481.9452,4.71
481.9463,6.08
481.9463,7.38
481.9463,10.56
481.9465,5.49
482.1106,9.37
482.1326,6.82
482.142,1.08
482.1773,2.54
482.1803,2.63
482.1893,3.02
482.2033,2.36
482.215,3.39
482.2444,3.64
482.2635,7.8
482.2877,9.72
482.3078,6.2
482.3398,10.63
482.4515,8.28
483.9433,10.55
483.9434,7.29
483.9641,6.83
484.0351,3.85
484.1597,5.8
484.1747,3.04
484.2152,2.87
484.2865,6
484.3234,6
484.3906,10.03
484.4477,10.4
484.9966,6.66
485.0487,10.52
485.3273,6.02
485.9397,7.02
485.9722,7.07
486.0257,3.1
486.0451,10.52
486.1662,1.1
486.1909,3.08
486.2166,3.94
486.2887,4.9
486.2892,8.66
486.2895,10.53
486.3278,5.03
486.9895,4.08
486.9934,6.63
487.2926,8.66
487.977,7.48
488.0095,6.8
488.1344,1.1
488.1649,2.63
488.202,3.35
488.2044,3.89
488.3125,3.67
489.2976,8.66
489.3156,3.67
489.9015,9.93
489.9354,7.3
489.9543,4.08
489.9697,3.84
489.9697,6.9
489.9878,6.76
490.1352,10.99
490.1355,10.32
490.183,2.92
490.2192,3.76
490.2566,4.45
490.2839,9.96
490.3102,3.67
490.9798,6.87
491.1362,10.99
491.1364,10.31
491.2877,9.96
491.8983,9.45
491.9338,3.8
491.9675,6.75
491.9781,1.38
491.9868,3.98
491.992,6.8
492.134,10.35
492.1631,1.09
492.1986,2.44
492.199,3.48
492.2339,3.55
492.2349,4.37
492.2725,4.54
492.3273,10.66
492.3397,5.58
492.9809,1.44
492.9964,6.59
493.134,10.35
493.2752,4.47
493.3154,9.74
493.9078,7.46
493.9269,7.52
493.9447,7.42
493.9671,7.06
493.9757,1.44
494.0006,8.73
494.0398,8.64
494.0402,9.72
494.0761,10.61
494.1315,10.34
494.1436,1.1
494.1742,2.41
494.2142,3.41
494.2147,2.74
494.2368,3.1
494.2495,3.66
494.2869,4.49
494.3084,4.68
494.3192,9.73
494.3421,10.73
495.0036,8.73
495.0398,8.64
495.0403,9.72
495.1317,10.33
495.3118,4.68
495.4632,10.33
495.8899,8.84
495.9456,5.59
495.9466,6.59
495.9705,1.42
495.974,7.1
495.9763,6.38
495.9763,6.52
495.9901,5.77
495.9955,6.02
496.0385,9.72
496.075,10.6
496.1288,10.32
496.158,1.1
496.1613,3.15
496.1711,2.74
496.1981,3.18
496.2265,3.38
496.2452,3.05
496.2515,3.6
496.26,3.96
496.2874,4.07
496.306,6.84
496.3233,4.59
496.354,7.86
496.447,10.35
496.8722,8.84
496.9488,5.59
496.9714,7.15
497.0385,9.72
497.2915,4.09
497.4444,8.59
497.8842,8.84
497.9173,7.4
497.9411,7.04
497.9414,5.92
497.9527,6.41
498.0991,10.7
498.1729,2.62
498.1743,6.12
498.2269,7.61
498.2382,7.57
498.2447,7.61
498.2457,4.37
498.2511,3.84
498.2512,7.59
498.2604,3.44
498.262,7.57
498.267,3.66
498.267,4.34
498.2672,3.02
498.2732,7.59
498.4273,8.35
498.9389,7.01
498.9529,8.92
498.9541,5.31
499.0119,7.04
499.0998,10.7
499.1773,6.12
499.2498,7.57
499.257,7.53
499.2698,3.69
499.2955,5.77
499.7694,7.57
499.7827,7.63
499.816,7.62
499.8252,7.62
499.8309,7.63
499.8498,7.65
499.8601,7.64
499.8668,7.64
499.8743,7.65
499.9367,10.55
499.937,7.68
499.9372,8.99
499.9379,3.9
499.9389,4.58
499.9526,8.93
499.9598,4.37
500.0146,7.03
500.0967,10.7
500.1177,9.36
500.1732,6.12
500.2377,5.11
500.2454,3.87
500.3121,4.93
500.3855,8.57
500.6773,7.59
500.7388,7.62
500.7486,7.63
500.7687,7.62
500.8166,7.63
500.8291,7.62
500.88,7.63
500.8873,7.64
500.94,10.55
500.9402,7.7
500.941,8.71
500.9493,8.91
501.0103,7.03
501.097,10.7
501.2414,5.15
501.3518,7.52
501.7406,7.6
501.8998,7.63
501.9341,7.12
501.9342,7.7
501.9345,10.55
501.9349,8.6
501.9562,3.96
501.9574,6.37
502.0256,6.83
502.0942,10.71
502.1814,2.65
502.1828,3.26
502.22,3.53
502.232,3.55
502.2983,3.56
502.6569,7.35
502.9366,10.55
502.937,7.68
503.2935,7.12
503.3017,3.53
503.9705,6.77
503.9951,1.12
504.1331,10.29
504.1333,10.98
504.1481,10.54
504.1627,3.03
504.1992,3.48
504.2317,4.6
504.2755,3.31
505.1341,10.37
505.1342,10.98
505.15,10.75
505.93,7.49
505.9574,1.13
505.965,4.36
505.9735,6.79
505.9863,6.07
505.9957,1.12
506.0581,10.92
506.1315,10.97
506.1325,10.39
506.1453,10.3
506.178,2.41
506.2129,3.29
506.2187,3.42
506.3231,5.62
506.4301,10.43
506.4322,9.84
506.9615,6.75
507.1151,10.92
507.1328,10.99
507.9631,7.64
507.9772,6.79
508.0377,10.8
508.0916,10.63
508.1124,10.92
508.1278,10.73
508.1575,2.69
508.1903,3.31
508.1948,2.38
508.2279,2.96
508.2298,2.86
508.2305,3.39
508.2658,4.65
508.3625,8.31
508.4483,10.22
508.9712,7.21
509.0489,10.74
509.0923,10.65
509.1286,10.71
509.3917,8.38
509.4048,8.34
509.4518,10.21
509.9402,7.57
509.9779,7.75
510.0348,10.78
510.0532,10.73
510.0901,10.63
510.1261,10.7
510.2084,3.14
510.2235,2.73
510.2243,3.47
510.2812,3.49
510.3736,10.59
510.9873,6.95
511.034,10.78
511.0669,10.51
511.0889,10.64
511.125,10.7
511.9291,7.59
511.9371,7.62
511.9375,4.76
511.9393,6.28
511.9669,6.97
511.9902,6.95
512.0681,10.51
512.2063,3.38
512.2236,4.2
512.2399,2.71
512.2404,3.67
512.2455,2.99
512.2588,3.51
512.2845,3.14
512.3519,10.63
512.357,3.68
512.4177,10.84
512.4795,11.08
512.9686,10.2
512.991,6.89
513.0659,10.51
513.2433,3.88
513.36,3.68
513.421,10.84
513.4378,8.31
513.9375,7.7
513.9497,7.64
513.9669,7.45
513.9698,4.78
513.9737,4.37
513.9845,4.87
513.9863,6.01
514.0112,7.05
514.2551,3.78
514.2561,2.95
514.9656,10.21
515.2594,2.97
515.332,3.67
515.9082,7.68
515.9311,4.63
515.9319,7.84
515.9868,6
515.9872,10.2
516.1966,2.52
516.2708,5.14
516.2761,2.97
516.3348,3.67
516.9103,7.87
516.9325,4.14
516.9348,7.9
516.99,10.2
517.9048,7.87
517.9279,7.9
517.9843,10.2
518.0109,1.36
518.1802,2.44
518.2117,3.31
518.2498,4.14
518.2502,3.61
518.2935,3.37
518.3359,7.88
518.3816,8.33
518.4305,10.36
518.9613,6.58
519.2968,3.37
519.901,7.87
519.945,4.41
519.9729,1.19
519.9741,7.92
519.9868,7.48
520.0094,1.35
520.1557,6.13
520.1913,2.74
520.2268,3.48
520.2317,3.47
520.2666,4.07
520.299,3.37
520.3964,8.75
520.4111,8.37
520.9741,7.26
520.977,7.83
521.3995,8.83
521.9603,4.43
522.0893,9.28
522.0893,10.4
522.1433,10.68
522.1776,8.54
522.3176,5.54
522.4021,10.85
522.4236,8.67
522.4639,10.58
523.0898,9.26
523.0898,10.13
523.0907,10.72
523.1441,9.74
523.1442,10.68
523.1815,8.54
523.3209,5.58
523.4072,10.82
524.008,6.83
524.0697,10.39
524.0769,10.24
524.0864,10.33
524.0871,9.29
524.1226,9.44
524.1422,10.67
524.1943,2.4
524.2226,3.1
524.2357,3.49
524.2593,3.48
524.2818,4.69
524.2832,3.76
524.32,4.68
524.3326,5.45
524.3545,10.19
524.9569,4.37
525.0717,10.4
525.1181,10.71
525.1375,10.65
525.4745,9.85
525.9363,4.3
525.9705,6.96
526.0683,10.4
526.1191,10.7
526.1365,10.64
526.2059,3.35
526.2186,1.3
526.2198,3.22
526.2199,2.85
526.2984,4
526.2984,4.77
526.3354,4.64
526.3679,10.67
526.397,9.96
526.4783,9.86
526.9841,10.46
527.1173,10.7
527.222,1.34
527.3015,3.98
527.3745,9.47
527.4137,8.31
527.4208,8.3
527.4532,9.04
527.932,7.88
527.9324,4.31
527.9664,4.32
527.9684,7.24
528.1113,10.62
528.2347,2.92
528.2352,2.31
528.2353,3.49
528.2697,4.53
528.3802,8.29
528.4143,9.84
528.4565,9.05
528.9333,4.19
528.977,7.11
528.9814,10.45
529.1115,10.63
529.9312,7.86
529.961,7.4
529.9665,7.31
529.9716,4.33
529.9742,7.24
530.1085,10.32
530.2479,3.67
530.251,2.37
530.2884,4.56
530.4301,10.21
531.2543,2.35
531.464,8.56
531.9025,8.09
531.943,7.73
532.0155,10.45
532.1961,2.94
532.2282,3.48
532.2663,4.35
532.3027,4.56
532.303,2.5
532.3068,3.6
532.3086,7.37
532.443,10.22
533.0183,10.45
533.3111,7.4
533.4075,7.91
533.8996,8.09
533.9886,1.34
534.0125,10.45
534.0326,6.82
534.1447,10.42
534.158,10.56
534.221,3.41
534.2596,3.67
534.4125,10.92
534.9025,8.09
534.9918,1.37
534.9935,7.13
535.1606,10.56
535.2363,4.69
535.4151,10.93
535.8973,8.09
535.989,1.37
536.1427,10.47
536.1584,10.67
536.2226,3.33
536.2497,3.36
536.291,9.18
536.3326,5.59
536.4802,10.72
536.9863,4.39
537.142,10.89
537.1598,10.68
537.9363,4.65
537.9706,6.86
537.9817,1.39
538.1042,10.64
538.1184,10.59
538.1383,10.68
538.1571,10.72
538.2014,3.2
538.2304,3.07
538.3125,4.49
538.3334,7.21
538.3481,5.68
538.4947,10.31
539.1291,10.64
539.1387,10.72
539.3526,5.72
539.9314,7.78
539.9516,4.22
539.9619,4.33
540.1002,9.33
540.1358,10.86
540.2767,3.71
540.3147,4.22
540.3501,6.91
540.3631,5.66
540.933,4.64
540.9776,7.3
541.1014,9.33
541.3537,6.9
541.3698,5.74
541.9472,7.85
541.9648,7.01
541.981,4.26
542.2132,2.54
542.2175,3.41
542.2503,3.43
542.3655,6.65
543.2207,3.59
543.873,8.84
543.9366,7.95
543.9435,7.25
544.2287,2.45
544.2698,4.44
544.4686,7.42
544.9392,7.98
544.9583,4.78
545.8707,8.84
545.9738,7.05
546.2088,2.8
546.2441,2.5
546.2811,2.82
546.3246,3.66
546.3909,8.52
546.9679,7.6
546.993,7.01
547.9383,7.95
547.9642,7.85
548.1869,2.62
548.2203,3.39
548.2894,8.66
548.3014,3.45
548.3309,7.22
548.3499,8.35
548.3852,8.16
548.4799,10.93
549.2925,8.66
549.3878,8.09
549.9339,8.15
549.9348,4.8
549.9482,4.33
549.9549,4.64
550.2009,3.13
550.3479,7.01
550.348,5.95
550.3491,5.39
550.3912,8.1
551.3519,6.99
551.4535,10.76
551.9312,8.12
551.951,4.73
552.2189,2.74
552.2561,3.52
552.3283,4.81
552.3503,5.13
552.3649,5.59
552.4171,9.19
552.977,7.5
552.9832,7.49
553.3541,5.13
553.9652,7.07
554.3278,5.42
554.3389,4.78
554.3445,5.02
554.3656,5.03
554.3767,5.73
554.3978,10.31
555.1284,10.3
555.3335,5.48
555.9269,7.98
555.9973,4.29
556.2298,2.48
556.2668,3.15
556.3815,7.25
556.4476,9.85
556.9266,4.71
556.9593,7.02
557.1271,10.27
557.4532,9.86
558.2456,3.45
558.2796,3.41
558.2851,4.45
558.382,7.22
558.4492,10.91
558.5027,9.83
558.9666,7.67
559.2485,3.5
559.2492,1.12
559.4952,10.59
559.9376,8.02
559.9561,4.64
560.2242,2.83
560.2607,2.74
560.261,1.17
560.3028,3.2
560.4557,10.85
560.4802,10.59
561.4423,10.86
561.483,10.59
561.9033,4.77
561.933,6.07
561.9339,8
561.9346,5.14
561.9541,7.3
562.2393,3.39
562.2697,3.76
562.2735,2.66
562.2775,3.68
562.3196,3.52
562.4067,8.36
562.4628,10.71
562.4717,10.77
562.9471,4.8
562.9867,7.14
563.3231,3.52
563.3465,5.31
563.4127,8.39
563.9007,4.79
563.9499,8.06
563.9502,7.35
563.9622,7.95
564.1059,5.01
564.1539,10.97
564.2528,3.4
564.315,7.42
564.3251,3.52
564.3286,5.49
564.3476,10.73
564.5112,8.96
564.9667,5.29
564.967,7.95
565.1551,10.97
565.3192,7.36
565.3312,4.44
565.35,10.95
565.9288,8.21
566.1518,10.89
566.3437,4.95
566.3437,5.12
566.376,10.96
566.3802,6.15
566.429,10.87
566.5252,8.98
567.1528,10.92
567.3467,5.06
567.3796,10.98
567.529,8.98
567.926,8.18
568.0576,10.78
568.1504,10.92
568.3083,4.68
568.3443,3.62
568.3596,4.73
568.3741,10.97
568.3812,10.1
568.3942,6.09
568.5411,8.91
569.0588,10.78
569.3643,4.66
569.9535,1.27
569.9706,8.34
570.0563,10.78
570.1461,10.9
570.246,3.33
570.3677,8.1
570.3976,7.56
570.9742,7.56
570.9871,7.97
571.0553,10.78
571.9253,8.15
572.1177,10.36
572.2196,3.27
572.4007,7.55
572.9715,7.54
572.9836,7.86
573.1189,10.35
573.4415,10.88
573.9336,4.88
573.9341,7.98
573.9932,7.5
574.1161,10.35
574.24,2.51
574.4252,10.83
574.4437,10.88
575.1161,10.36
575.4298,10.86
575.457,10.95
575.4896,9.86
575.894,1.49
575.9335,4.75
575.9356,8.05
575.951,8.03
575.9669,7.42
576.1155,10.41
576.2477,2.47
576.2526,1.32
576.3343,3.57
576.3621,5.77
576.4403,10.78
576.46,10.95
576.9305,8.01
576.968,5.22
576.9715,7.47
577.4374,10.73
577.4448,10.81
577.4597,10.95
577.9288,8.19
577.9294,4.74
578.2684,3.53
578.3633,7.25
578.4305,9.86
578.4412,10.71
578.4597,10.93
578.9097,5.44
578.9288,8.02
578.9298,4.75
578.9757,7.56
579.366,7.3
579.5213,9.03
579.9278,8.19
579.9323,4.75
579.9553,8.01
580.2247,3.07
580.2534,3.42
580.3222,4.33
580.4477,9.97
580.5244,9.04
580.9064,5.45
580.9265,4.76
581.5371,8.93
581.9402,7.79
581.9471,7.61
581.964,5.42
582.0562,10.59
582.0669,10.76
582.1098,10.62
582.1465,10.37
582.2916,4.5
582.3392,4.23
582.4089,6.24
582.4619,10.57
582.5234,9.05
583.0572,10.68
583.11,10.66
583.1471,10.36
583.3435,3.87
583.8851,4.76
583.9336,8.04
584.0539,10.61
584.1451,10.37
584.3423,4.06
584.3512,4.49
584.4138,7.61
584.9675,5.48
584.9896,7.59
585.1452,10.36
585.3445,3.94
585.3576,4.49
585.8815,4.76
585.9928,7.64
586.2121,2.48
586.2393,3.3
586.2971,7.36
586.3254,5.21
586.4132,7.62
587.9744,8.55
588.3242,5.04
589.4368,10.79
589.4371,7.32
589.4696,9.17
589.9287,8.18
589.9675,7.25
590.0212,7.71
590.3109,3.72
590.3509,3.78
590.3659,7.58
590.3775,5.86
590.4206,10.98
590.4229,7.13
590.4382,5.19
590.4398,10.79
590.4399,7.29
590.4542,8.93
590.9746,7.95
591.3543,3.77
591.3706,6.1
591.4242,9.98
591.4518,10.76
591.9256,1.42
591.9451,5.1
591.9585,7.9
591.9757,7.94
591.9777,4.76
592.3284,3.58
592.4345,10.94
592.4549,10.77
592.4687,8.93
592.9714,10.11
592.989,7.88
593.3321,3.48
593.4371,10.95
593.4728,8.93
593.9345,8.26
594.1285,10.75
594.2286,3.32
594.2662,3.48
594.4554,10.78
594.9679,10.11
595.5165,9.05
596.1079,10.97
596.1258,10.72
596.1621,10.41
596.3197,7.43
596.4997,8.11
596.9648,8.02
597.1086,10.98
597.127,10.75
597.1632,10.39
597.3234,7.51
597.5315,9.06
597.9348,8.13
598.0892,10.96
598.106,10.95
598.1403,10.87
598.1609,10.4
598.3197,7.44
598.3677,4.95
598.3937,2.72
598.426,10.58
598.4293,8.03
598.5156,8.88
598.9653,10.57
599.0895,10.97
599.1387,10.36
599.4325,8.03
599.9297,4.9
599.9307,8.6
600.087,10.97
600.1391,10.36
600.3699,7.66
600.5318,8.68
600.984,10.11
601.1356,10.37
601.9279,8.59
601.9687,5.48
602.1362,10.37
602.2692,3.5
603.0003,10.11
603.3332,5.12
603.965,5.48
604.0011,10.11
604.1259,10.91
604.3219,3.94
604.3282,3.12
604.3827,7.9
604.448,9.74
604.4513,10.91
604.4724,8.08
604.9987,10.11
605.4679,10.87
605.9242,8.33
605.9462,5.08
605.9562,5.18
605.9567,8.13
606.2311,3.35
606.3458,3.65
606.3959,7.67
606.4331,8.35
606.4494,8.59
606.459,9.74
606.4709,10.87
606.9589,8.14
606.9608,4.76
606.9862,10.38
607.3491,3.65
607.4188,10.74
607.4474,7.19
607.4619,8.41
607.4708,10.87
607.4831,7.81
607.9543,8.13
608.1622,10.95
608.4478,3.71
608.4705,10.87
608.4781,10.86
608.9647,7.89
608.9854,10.38
609.1629,10.95
609.9358,8.18
609.968,4.89
610.044,10.09
610.1643,10.94
610.1749,10.96
610.3714,7
610.392,5.52
610.4577,10.87
610.9684,4.97
610.979,8.17
611.3954,5.52
611.4051,7.49
611.4601,10.89
611.5123,9.05
611.9304,8.31
611.9307,5.56
612.1399,10.71
612.4073,10.09
612.4075,5.42
612.4444,8.08
612.5312,10.25
613.1422,10.78
613.4108,10.07
613.5365,10.25
613.9334,8.24
613.9601,8.39
613.962,4.74
614.1187,10.26
614.1399,10.76
614.3654,4.8
614.3796,8.23
614.4113,10.22
614.4436,8.06
614.9636,5.76
614.9636,8.4
615.0008,10.38
615.4105,10.08
615.4508,8.14
615.9664,5.78
615.9672,8.42
615.9911,1.43
616.1179,10.24
616.3127,9.86
616.9261,5.22
616.9623,5.77
617.0159,10.11
617.314,9.86
617.4674,10.87
617.9581,1.43
618.3119,9.86
618.3983,8.06
618.4724,10.88
618.4879,10.94
619.0143,10.11
619.4474,7.65
619.4839,10.95
619.9202,1.24
619.9553,1.31
619.9563,4.76
619.967,8.73
619.9923,10.11
620.0081,10.14
620.2153,3.25
620.2365,4.36
620.269,5.39
620.3609,3.65
620.392,8.12
620.451,7.62
620.4869,10.95
620.5037,8.64
620.9204,6.01
620.9623,8.08
620.9932,10.11
621.0164,10.11
621.4861,10.96
621.8794,5.16
621.9535,4.8
622.5132,8.65
623.4418,7.39
623.5149,8.65
623.9323,5.42
623.9838,4.88
624.0595,10.09
624.3507,7.96
624.4738,10.92
625.9301,5.15
625.9637,7.97
626.0721,10.35
626.2785,4.47
626.3861,3.96
626.4316,9.75
626.4595,8.5
626.9662,7.98
627.353,7.95
627.9267,8.29
627.9598,5.18
628.1703,8.64
628.366,4.35
628.5264,10.89
628.889,10.38
628.9042,10.38
628.9277,5.1
629.1718,8.64
629.3694,4.35
630.1492,10.86
631.0314,10.38
631.1675,8.64
631.4133,4.58
631.4832,10.93
631.8958,8.98
631.9363,8.23
631.9374,5.26
632.4123,8.4
632.4894,10.93
633.0301,10.38
633.893,8.98
633.9359,1.43
633.9503,5.23
634.0093,10.38
634.1584,5.69
634.2621,3.48
634.3574,7.8
634.3769,3.88
634.4272,8.15
635.0317,10.38
635.3803,3.88
635.4214,8.37
635.4764,10.92
635.8913,8.98
635.9121,5.15
635.9345,5.3
635.9863,6.14
636.0044,10.38
636.3549,3.52
636.3827,3.88
636.4607,10.88
637.3595,3.6
637.4938,8.15
638.0016,4.97
638.3614,3.47
638.3643,7.81
638.4245,10.72
638.4864,10.86
639.0812,10.36
640.0877,10.36
640.1715,10.66
640.4758,8.48
640.5,10.93
640.9253,5.4
641.1723,10.68
641.4764,8.48
641.9246,5.37
641.9744,5.2
642.0798,10.43
642.0863,10.36
642.4525,10.55
642.987,8.03
644.394,8.51
644.3976,7.63
644.414,7.48
644.4981,8.3
644.9212,5.33
644.9568,5.21
645.4987,10.92
646.1366,10.96
646.1594,5.7
646.3335,7.97
647.1374,10.97
647.4801,10.88
648.1258,10.99
648.1343,10.97
648.1747,5.86
648.2434,3.25
648.9859,4.97
649.1349,10.97
649.18,5.85
649.494,8.52
649.9417,5.19
650.1321,10.97
650.1335,10.37
650.372,3.77
650.4591,8.36
650.9375,10.38
651.1304,10.96
651.3754,3.77
652.3823,8.38
652.5015,10.88
652.933,10.38
653.3798,3.77
653.387,8.38
653.5048,10.89
653.9233,5.47
654.3073,10.43
654.3074,8.82
654.3853,8.39
654.4129,10.87
654.4845,10.88
654.5143,10.8
655.1841,5.57
655.9343,5.38
655.9494,5.39
655.989,5.11
656.0751,10.66
656.165,10.96
656.4279,11.01
656.4337,10.03
656.4799,10.26
656.9199,5.49
657.0758,10.67
657.1463,10.88
657.1653,10.96
657.4314,11.01
657.4371,10.03
657.9368,5.35
657.9674,5.03
658.0731,10.66
658.1248,10.95
658.1637,10.96
659.1632,10.96
659.4129,10.03
659.9496,5.45
660.0682,10.73
660.1612,10.96
660.516,10.28
660.9318,5.36
661.4925,10.91
661.894,5.51
661.9277,5.88
661.9313,8.37
662.1849,5.88
662.5338,10.86
662.9598,5.48
663.9569,8.83
664.3871,3.66
664.9602,8.84
666.3292,9.86
667.3313,9.86
669.2513,2.88
669.9641,9.26
670.0108,4.92
670.1806,10.97
670.4438,8.06
670.9507,4.95
670.9679,9.26
671.1816,10.97
671.9544,4.95
672.1059,10.77
672.1791,10.97
672.2734,11.05
672.3922,4.47
672.9194,5.65
673.1068,10.74
673.1614,10.97
673.2767,11.04
673.9803,5.11
674.1035,10.77
674.1364,10.61
674.1589,10.97
674.1702,10.98
674.5298,10.89
675.9268,5.52
675.9606,8.42
676.0012,1.22
676.1008,10.72
676.1531,10.97
676.9429,6.09
676.964,8.43
677.1139,10.53
677.9404,5.45
677.9629,1.23
677.9672,8.43
678.3678,3.84
678.403,3.99
678.9232,5.56
679.1121,10.36
680.3824,3.61
680.92,5.56
680.9368,5.63
681.3857,3.61
682.0711,6.83
682.3021,11.05
682.377,5.95
683.0732,6.82
683.304,11.05
683.5072,10.69
683.8781,5.53
684.0221,5.57
684.0693,6.82
684.4286,4.35
684.467,10.9
684.5262,10.56
685.0031,10.39
685.4322,4.37
685.5298,10.55
685.923,3.06
685.9309,5.5
686.1762,10.88
686.4773,10.52
686.5243,10.65
686.5351,10.65
687.4807,10.51
687.5374,10.64
687.9286,5.55
687.9589,5.46
687.9952,5.43
688.1374,10.79
688.191,7.82
688.3484,3.82
688.3964,8.07
688.4052,4.65
688.4225,7.68
688.4855,10.77
689.1492,10.84
689.192,7.81
689.4986,10.69
690.1374,10.81
690.419,4.6
690.5617,10.82
690.9229,5.61
691.1344,10.81
691.1896,7.81
691.9192,5.62
691.9713,5.47
691.9777,1.36
692.4043,11.01
694.3981,3.89
694.4033,10.99
694.4807,10.75
694.485,8.38
694.9204,5.71
695.4015,3.89
695.4834,10.78
695.4881,8.39
696.3181,11.02
696.4028,3.89
697.3216,11.01
697.3923,3.89
698.1715,6.24
698.2846,5.36
699.2935,11.04
699.4235,10.87
699.9239,9.47
700.2964,11.03
700.4266,10.87
700.4598,10.01
700.9273,9.47
701.4629,10.02
701.922,9.47
703.4476,10
703.9202,5.8
705.9501,5.6
705.9888,5.63
706.004,5.57
706.3046,5.91
706.9194,5.78
707.9365,5.6
708.4135,3.76
709.4174,3.76
709.9615,5.73
712.1383,8.89
712.1505,8.85
712.1857,6.23
712.9395,6.09
713.1448,8.85
713.9539,9.26
713.9569,6.63
714.1372,8.89
714.3649,4.07
714.4802,4.26
714.9375,6.09
714.957,9.26
715.514,10.76
715.9605,9.26
716.1332,8.89
716.2213,9
716.3785,4.76
716.3813,4.07
716.4184,4.51
716.4493,11.01
716.4618,10.95
716.9196,5.98
718.22,9
718.4766,10.67
718.9171,5.94
719.9982,5.51
720.1551,10.99
720.4266,10.95
720.4925,10.61
721.1556,10.99
721.5137,10.67
721.8727,5.92
721.9616,5.76
722.1533,10.99
722.3929,3.98
722.4291,4.08
722.9246,5.94
723.1533,10.99
723.4333,4.09
723.9782,5.62
724.1511,10.98
724.4084,3.7
724.9739,5.6
725.1506,10.98
725.4115,3.71
725.9236,5.86
725.9571,8.86
726.3818,8.07
726.4031,6
726.9612,8.86
726.9771,5.57
727.9531,5.85
728.0553,5.74
728.3439,11.1
728.9202,5.94
728.9567,5.86
729.3472,11.1
729.9245,5.94
730.146,10.93
730.1835,10.98
730.3463,10.41
730.4681,9.98
730.5016,10.35
730.9097,5.95
730.9177,5.95
730.9871,5.57
731.1843,10.98
732.1297,10.92
732.1458,10.91
732.1822,10.98
732.4472,7.7
733.122,10.9
733.1815,10.97
733.8754,5.92
734.1797,10.98
735.1777,10.98
735.3998,10.88
736.3998,6.01
736.4026,10.84
737.3987,10.87
737.9129,5.81
737.9267,5.79
737.932,5.81
738.4,10.85
738.4241,3.99
738.5112,8.4
739.4275,3.99
739.9516,5.81
740.4269,3.99
740.5166,4.26
740.9204,5.98
741.4184,3.99
741.9683,5.83
742.3603,10.69
742.3992,4.04
744.199,10.98
744.3633,10.66
744.4134,4.95
744.4849,9.98
744.9127,6.05
744.9224,5.95
745.2001,10.99
745.4167,4.97
745.429,10.83
745.4844,9.98
745.8745,6.02
745.928,5.92
746.1981,10.98
746.4182,4.98
747.1881,10.97
747.4685,9.98
748.1042,9.38
748.1773,10.98
748.9775,5.59
749.1734,10.99
749.9349,5.86
750.1035,9.38
750.1191,8.82
750.1719,10.99
750.188,10.99
751.1036,9.38
751.1705,10.98
751.9482,5.98
752.1157,8.82
752.4398,3.87
753.1167,8.81
753.9222,5.87
753.9596,6.03
753.9744,6.03
754.1133,8.82
754.4446,3.85
755.9503,5.96
755.9837,6.06
756.9203,5.91
756.9556,5.96
757.9336,5.89
757.9569,5.94
758.068,6.83
758.3906,4.16
759.4443,10.86
759.9586,5.88
760.4478,10.86
762.4206,10.86
763.4237,10.86
764.472,10.95
765.901,5.76
766.4187,4.08
766.455,4.17
766.4882,10.86
767.4572,4.17
767.9438,6.02
767.9655,8.15
768.089,8.84
768.4345,3.79
769.947,5.93
769.9628,5.98
770.0864,8.84
770.4291,6.05
770.9453,5.91
770.9531,5.92
771.9405,5.94
771.9565,5.96
772.0845,8.84
772.4446,5.96
772.5208,10.91
773.5266,10.91
774.0827,8.83
774.3874,3.17
775.9201,6.17
775.9538,9.26
776.4427,10.83
776.6184,10.91
776.9573,9.26
777.9363,6.14
777.9601,9.26
778.9169,6.25
780.908,6.18
782.4505,4.09
782.5343,8.39
783.4537,4.09
783.8716,6.2
783.9433,6.11
784.5571,8.65
786.0055,5.86
786.5549,8.66
787.5585,8.7
787.9239,6.15
787.9346,6.13
788.5121,9.95
789.9478,6.17
790.3649,10.36
790.5085,9.94
790.9173,6.16
791.9132,6.19
791.9502,6.1
791.9643,6.11
792.5041,10.88
792.9608,6.08
793.37,10.35
793.4168,4.5
793.867,1.52
793.9496,5.98
796.4658,3.95
797.4695,3.96
798.1702,11.02
798.4706,3.96
800.419,1.05
805.9423,6.22
806.9111,6.2
807.634,10.23
809.9291,6.08
809.9552,6.34
810.4803,4.28
811.2186,10.18
811.487,4.27
812.4604,3.88
813.2348,10.38
814.2376,10.37
815.9655,5.97
816.4483,6.08
816.9131,6.62
818.2171,10.97
818.9124,6.53
818.9656,6.31
819.2185,10.99
820.216,10.99
821.1988,10.99
821.9354,6.18
821.9448,6.18
822.1948,11.01
823.1921,11
824.1915,11.01
825.188,11
825.2347,10.38
825.9177,6.42
825.9429,6.19
826.1882,11
826.4764,4.18
827.2439,10.38
827.4792,4.2
827.56,8.33
827.8743,6.4
827.8926,6.41
827.9464,6.42
828.4075,8.06
828.4786,4.2
828.9155,6.46
828.9499,6.42
829.4111,8.06
829.4695,4.2
829.9515,6.41
830.4139,8.06
831.9414,6.35
832.537,9.92
833.9198,7.45
835.8944,6.27
836.4694,5.37
839.9419,6.32
840.4921,4.04
840.9105,6.46
841.9034,6.43
841.929,6.5
843.4157,4.51
843.9154,6.47
843.9319,6.45
843.9404,6.46
844.4187,4.51
844.4683,8.52
848.9719,6.07
849.9282,6.4
850.9391,6.39
855.5088,4.35
855.9346,6.34
856.4867,3.97
858.4812,6.12
859.4801,3.97
859.9346,6.63
860.4745,6.12
865.9044,6.41
867.9585,8.73
870.5021,4.27
870.9402,6.19
871.5049,4.27
872.5032,4.27
876.5635,9.9
877.5675,9.9
884.0093,6.83
884.5178,4.13
885.9975,6.42
886.0005,6.42
887.0037,6.4
888.4284,8.06
889.4316,8.06
890.4346,8.06
892.5352,11.05
894.1612,10.82
895.1612,10.81
896.142,10.57
896.1585,10.77
897.1582,10.73
898.1411,10.62
898.893,7.7
898.971,6.71
900.1387,10.61
900.513,4.06
901.0344,6.38
902.5158,4.06
903.51,6.16
904.499,6.16
906.9914,6.82
914.5286,4.35
914.9625,6.66
915.5319,4.35
916.5249,4.34
916.604,10.84
917.5193,4.34
917.6073,10.85
920.5893,9.88
922.9129,7.01
927.9394,6.97
928.544,4.2
928.9053,7.16
929.5487,4.2
930.9191,7.07
940.6476,4.59
940.9058,7.21
941.6503,4.59
941.9091,7.05
942.2102,10.82
942.6472,4.59
942.9111,7.03
943.9166,6.97
943.9335,6.93
944.2082,10.86
944.5389,4.14
945.2082,10.84
946.2065,10.9
946.539,4.14
947.2069,10.86
947.5337,4.14
947.9091,6.89
948.1959,10.84
948.9098,7.07
952.2382,10.77
953.2396,10.78
955.2369,10.79
955.9291,6.89
956.8978,7.17
958.5545,4.42
959.5576,4.42
960.9123,7.27
961.5457,4.42
961.9017,7.13
962.911,7.13
962.9267,7.08
966.2541,10.75
967.2551,10.7
969.2405,10.78
969.9918,6.71
970.2347,10.8
971.2311,10.69
972.2291,10.78
972.569,4.28
973.2272,10.88
973.5717,4.29
974.9555,6.96
976.6246,10.83
976.9091,7.16
977.6275,10.83
978.9006,7.35
978.9385,5.73
988.5648,4.21
989.5678,4.21
990.5631,4.22
994.8948,7.22
997.9054,8.94
998.9085,7.6
1000.9072,7.54
1002.5804,4.5
1016.8418,7.62
1016.9006,7.66
1017.5986,4.35
1017.8724,7.62
1017.8888,7.61
1017.9169,7.62
1018.8837,7.64
1018.8973,7.63
1018.9143,7.61
1019.8894,7.65
1019.9021,7.64
1019.9173,7.6
1021.8553,7.63
1021.8608,7.67
1021.8731,7.64
1022.8702,7.63
1023.8517,7.65
1025.9376,10.2
1027.2142,9.26
1032.5907,4.28
1035.5871,4.27
1044.9292,7.64
1044.9416,7.63
1046.6067,4.56
1047.6105,4.56
1049.6006,4.56
1057.9215,7.65
1057.9267,7.64
1072.9628,7.62
1076.6168,4.35
1079.6146,4.35
1084.9325,7.69
1090.6336,4.62
1091.6359,4.62
1092.6299,4.62
1093.8369,8.86
1094.8401,8.85
1095.8338,8.86
1096.8363,8.86
1097.832,8.86
1105.6464,4.48
1120.6428,4.43
1123.6383,4.42
1127.927,7.97
1135.662,4.68
1135.887,5.82
1164.6694,4.49
1166.2641,11.01
1166.6695,4.49
1174.0092,10.11
1179.6912,4.73
1180.6815,4.73
1191.289,10.99
1192.2875,11.01
1193.285,10.99
1194.2845,11.01
1195.284,11.01
1202.0395,10.38
1208.6958,4.54
1209.6985,4.54
1222.7123,4.79
1223.7127,4.79
